timestamp,open,high,low,close,volume
1607299200000,601.59,603.15,584.22,591.28,498329.3759
1607385600000,591.27,595,549.22,554.94,804443.0072
1607472000000,554.92,578.08,530.43,573.09,997192.1674
1607558400000,573.2,575.7,548.11,558.99,608414.5147
1607644800000,558.99,560.8,535.5,544.43,768921.7832
1607731200000,544.46,574,543.1,568.04,573913.9531
1607817600000,568.09,595,563.22,590.7,657794.4616
1607904000000,590.81,591.48,575.6,586.29,493012.0271
1607990400000,586.29,597.2,578.58,588.64,569270.5201
1608076800000,588.78,640,580.71,637.18,1185588.051
1608163200000,637.18,676.25,625.76,642.7,2006130.02
1608249600000,642.71,664.61,629.4,653.85,1000012.98
1608336000000,653.76,669.95,645.42,658.03,858803.8846
1608422400000,658.05,661.39,621.01,638.18,823958.2284
1608508800000,638.1,648,595.9,607.58,843251.1657
1608595200000,607.68,637.73,588,636.45,918851.2565
1608681600000,636.41,638.44,551.28,585.56,1208807.365
1608768000000,585.48,615.02,565.43,612.31,886335.8633
1608854400000,612.31,634.24,604.28,626.82,798009.6292
1608940800000,626.78,652.91,615.26,637.44,958585.5065
1609027200000,637.44,717.13,625,685.11,1859968.15
1609113600000,685.1,748.09,681.04,730.41,1627154.393
1609200000000,730.4,740.78,689.2,732,1106876.359
1609286400000,732,758.74,716.62,752.17,1008574.099
1609372800000,752.17,755.74,722,736.42,863375.5798
1609459200000,736.42,749,714.29,728.91,675114.0933
1609545600000,728.91,787.69,714.91,774.56,1352618.577
1609632000000,774.44,1011.07,768.71,978.28,2813603.886
1609718400000,978.33,1162.97,890,1041.43,4245010.94
1609804800000,1041.45,1134.6,974.45,1099.56,2706995.675
1609891200000,1100.16,1213,1057.26,1208.42,2390136.593
1609977600000,1208.75,1289,1131,1224.87,1972922.821
1610064000000,1224.86,1273.75,1065,1216.93,2131172.923
1610150400000,1216.72,1304.37,1171.36,1276,1448871.115
1610236800000,1276,1348.33,1170,1254.25,1951179.35
1610323200000,1254.24,1260,915,1087.01,4099450.9
1610409600000,1087,1150.02,1006.33,1050.16,2302645.341
1610496000000,1050.36,1137.65,987.48,1129.89,1564202.391
1610582400000,1129.79,1247.55,1086.7,1231.62,1555737.386
1610668800000,1231.89,1256.98,1069.42,1168.53,1944038.837
1610755200000,1168.48,1298,1151.77,1227.83,1575384.438
1610841600000,1227.83,1269.02,1165,1232.45,1317285.006
1610928000000,1232.5,1260.75,1182.58,1258.45,998050.1107
1611014400000,1258.52,1438.3,1251.49,1365.36,2278852.558
1611100800000,1365.36,1407.93,1235.42,1376.99,2219137.621
1611187200000,1376.72,1390,1086,1110.96,2310208.573
1611273600000,1111.98,1273.79,1042.31,1232.62,2020593.217
1611360000000,1232.61,1272.44,1195.9,1233.6,1009545.083
1611446400000,1233.46,1398.83,1220,1392.51,1510879.538
1611532800000,1392.19,1475,1293.69,1317.88,1885441.313
1611619200000,1317.6,1378.49,1244.56,1365.97,1682923.658
1611705600000,1366.54,1373.9,1207,1239.03,2009772.084
1611792000000,1238.93,1360,1217.23,1329.69,1365269.72
1611878400000,1329.44,1436.9,1285.35,1379.5,2253963.187
1611964800000,1379.56,1406,1326.41,1378.05,1040042.236
1612051200000,1378.04,1380.74,1281.12,1312.55,958704.8557
1612137600000,1312.45,1377.99,1269.99,1374.17,1096397.919
1612224000000,1374.09,1547.9,1360.28,1511.87,1944227.999
1612310400000,1511.93,1669.35,1508.39,1664.49,1535869.888
1612396800000,1664.67,1695.2,1554.44,1595.67,1646502.33
1612483200000,1595.53,1760.49,1591,1719.19,1194123.299
1612569600000,1718.95,1743.67,1642.94,1676.35,1149808.331
1612656000000,1676.35,1693,1490.46,1611.62,1281734.868
1612742400000,1611.46,1775.57,1563.89,1750.15,1339777.095
1612828800000,1749.68,1821.88,1708.49,1769.13,1185071.896
1612915200000,1769.14,1837.86,1680,1740.78,1219932.255
1613001600000,1740.76,1819,1703.44,1785.62,735079.827
1613088000000,1785.83,1864.88,1739.88,1840.26,909600.2065
1613174400000,1840.24,1871.72,1765,1814.96,767589.0729
1613260800000,1815.25,1850,1784.11,1800.42,675261.7787
1613347200000,1800.03,1835.72,1655.67,1779.25,1053474.579
1613433600000,1779.33,1827.28,1724,1781.99,817493.4751
1613520000000,1781.99,1855,1733.01,1849.88,795711.6331
1613606400000,1849.7,1950.5,1849.69,1939.61,937227.1019
1613692800000,1938.91,1972.82,1891,1955,793404.4115
1613779200000,1955.46,2042.34,1803.14,1913,1261315.813
1613865600000,1912.9,1976.31,1883.01,1933.53,756568.1974
1613952000000,1933.54,1936.29,1551,1777.58,1807244.981
1614038400000,1777.42,1782.39,1355,1577.89,2547837.821
1614124800000,1577.79,1712.7,1500.2,1623.39,1384388.817
1614211200000,1623.16,1671.59,1459.16,1481.75,1032670.794
1614297600000,1482.08,1562.25,1400,1444.59,1355973.294
1614384000000,1444.56,1529,1425,1458.13,927423.0475
1614470400000,1458.27,1468.75,1293.18,1419.18,1410207.563
1614556800000,1418.67,1572,1409.91,1569.86,1094695.178
1614643200000,1570,1602.9,1455.52,1486.78,1061142.387
1614729600000,1486.79,1656.94,1475.47,1567.69,1054846.315
1614816000000,1567.68,1624.87,1506.36,1539.23,946365.6709
1614902400000,1539.22,1548.96,1441.66,1528.31,910786.2898
1614988800000,1528.08,1671.58,1513.03,1650.35,1013300.939
1615075200000,1650.68,1734.16,1630.35,1726.16,848470.7814
1615161600000,1726.46,1843.59,1664.96,1833.18,1149711.4
1615248000000,1833.22,1870.77,1798.2,1870.51,857229.4786
1615334400000,1870.5,1877.69,1757,1795.12,937230.6283
1615420800000,1795.28,1846.7,1725,1825.78,909011.4961
1615507200000,1825.78,1841.88,1719.72,1766.1,869564.6361
1615593600000,1766.13,1944.3,1727.75,1922.35,926283.2264
1615680000000,1922.35,1933.1,1836,1848.1,637963.6363
1615766400000,1848.1,1891.76,1730,1793.48,1025326.797
1615852800000,1793.99,1819.5,1711.68,1805.12,764993.4015
1615939200000,1805.01,1838.88,1741.18,1823.58,658349.4484
1616025600000,1823.58,1850,1759.04,1776.08,603721.6106
1616112000000,1775.92,1840.61,1733.47,1809.1,500258.4288
1616198400000,1809.01,1868.83,1800.86,1806.1,451556.1064
1616284800000,1806.57,1817.16,1747,1782.98,465953.9875
1616371200000,1783.23,1807.51,1655.15,1680.97,582727.4908
1616457600000,1681.17,1721.17,1650,1668.08,577213.9959
1616544000000,1668.2,1740.86,1536.92,1581.84,753834.5239
1616630400000,1581.88,1622,1549.4,1585.74,701697.0026
1616716800000,1585.83,1699.93,1585.79,1698.84,515470.9291
1616803200000,1698.84,1732.67,1666.41,1712.63,443845.4996
1616889600000,1712.52,1725.66,1661.4,1687.01,348895.5131
1616976000000,1687.16,1841,1677.85,1816.74,647724.4639
1617062400000,1816.76,1859.13,1786.3,1840.46,568842.0053
1617148800000,1840.41,1947.29,1768.15,1919.37,746995.8591
1617235200000,1919.37,1984.77,1885.02,1968.05,741585.0727
1617321600000,1968.05,2146,1948.48,2133.69,846197.9322
1617408000000,2133.69,2138.12,1996.3,2008.52,770176.3219
1617494400000,2008.59,2091.83,1975.24,2075.69,514345.7655
1617580800000,2075.7,2130.64,2002.15,2107.38,684923.6149
1617667200000,2107.43,2151,2044.65,2112.21,673386.0558
1617753600000,2112.22,2129.01,1930.01,1963.47,892984.9042
1617840000000,1963.46,2084.61,1947.35,2080.46,501355.998
1617926400000,2080.39,2100,2047.57,2066.87,426387.4379
1618012800000,2067.19,2200,2058,2133.49,655458.2089
1618099200000,2133.49,2165.02,2113.4,2151.36,392265.5077
1618185600000,2151.42,2203.46,2102,2137.69,579093.3569
1618272000000,2137.86,2318,2135.53,2299.19,782608.6209
1618358400000,2299.19,2447.29,2281.33,2432.6,972931.6087
1618444800000,2432.59,2543.47,2400,2514.04,681950.9665
1618531200000,2514.04,2548.29,2300,2422.67,999163.7521
1618617600000,2422.38,2495,2310,2317.6,624232.2557
1618704000000,2317.65,2340,1946.8,2235.64,1475383.692
1618790400000,2235.65,2300,2080,2161.12,820592.2656
1618876800000,2161.12,2346.62,2055,2330.03,992240.809
1618963200000,2330.26,2469.54,2235.16,2357.06,1177885.862
1619049600000,2357.06,2644.47,2303.44,2397.94,2220753.097
1619136000000,2397.94,2442.89,2107,2367.39,2532242.442
1619222400000,2367.39,2368.74,2154.8,2213.35,997688.9462
1619308800000,2214.08,2356.64,2168,2320.49,857517.3822
1619395200000,2320.44,2542.8,2303.64,2532.6,1076469.014
1619481600000,2532.06,2680,2480.29,2666.13,771728.4645
1619568000000,2666.13,2760,2559.44,2748.24,999383.1852
1619654400000,2748.23,2798,2668,2757.04,863890.0107
1619740800000,2757.04,2798.3,2723.09,2772.42,695339.2048
1619827200000,2772.42,2954.28,2743.41,2944.77,690260.0774
1619913600000,2944.83,2985,2852.26,2949.56,571982.5445
1620000000000,2949.33,3454,2949.32,3431.04,1329088.063
1620086400000,3431.04,3527,3160,3239.01,1826039.386
1620172800000,3239.01,3549.34,3200.23,3524.26,1174816.736
1620259200000,3524.33,3605.4,3376.47,3489.73,920592.5771
1620345600000,3489.74,3587,3353.23,3479.53,760544.6478
1620432000000,3479.79,3958.33,3449.27,3910.26,1130467.549
1620518400000,3910.26,3983.65,3726.08,3923.95,1000401.008
1620604800000,3923.95,4208,3650,3945.88,1505897.926
1620691200000,3946.63,4180.22,3771.64,4173.45,1095927.104
1620777600000,4173.46,4372.72,3701.58,3823.21,1601842.74
1620864000000,3810.15,4034.77,3500,3717.91,2068708.174
1620950400000,3717.92,4173.28,3691.35,4075.01,1153390.426
1621036800000,4075.02,4134.05,3632,3646.68,1039174.881
1621123200000,3646.24,3879,3343.06,3582.1,1324065.659
1621209600000,3581.81,3587.06,3102,3282.51,1904012.44
1621296000000,3282.25,3565.71,3240,3375.07,1287110.841
1621382400000,3375.08,3441.73,1888,2438.92,4309836.319
1621468800000,2438.92,2990.05,2155,2768.62,2942777.93
1621555200000,2767.87,2938.54,2101,2430.98,2727031.935
1621641600000,2430.98,2485,2145,2294.87,1684318.012
1621728000000,2295.45,2381.57,1728.74,2096.39,2914548.731
1621814400000,2096.63,2675,2079.94,2648.43,2186632.922
1621900800000,2647.92,2750,2378.54,2705.11,2115349.504
1621987200000,2705.1,2910,2643,2884.94,1583799.593
1622073600000,2884.82,2889.74,2633.68,2742.23,1099029.912
1622160000000,2742.23,2762.45,2327.38,2412.1,1554584.614
1622246400000,2412.34,2574.27,2204.1,2278.74,1379427.189
1622332800000,2278.74,2476.42,2180.53,2385.98,1151113.199
1622419200000,2385.82,2720,2271.44,2706.15,1307958.041
1622505600000,2706.15,2740,2523.74,2634.57,1179577.108
1622592000000,2634.31,2802.99,2550,2706.22,970070.5356
1622678400000,2706.21,2891.95,2662.4,2857.25,1024290.894
1622764800000,2857.25,2860,2552,2689.51,1188314.112
1622851200000,2689.54,2816.87,2552.23,2627.73,961824.1241
1622937600000,2627.63,2745,2614,2711.92,673792.6937
1623024000000,2711.92,2847.55,2570,2592.05,1152128.079
1623110400000,2592.05,2620.99,2304.91,2507.23,1693747.428
1623196800000,2507.43,2626.63,2405.28,2610.18,1276718.24
1623283200000,2610.2,2624.46,2425.11,2471.09,741237.4993
1623369600000,2471.01,2497.99,2321.37,2354.01,587364.2736
1623456000000,2354.09,2454.53,2256.22,2370.74,767439.4984
1623542400000,2370.64,2548.41,2308.41,2509.33,715948.7599
1623628800000,2509.33,2609.17,2461,2580.77,684183.5562
1623715200000,2580.58,2640,2507.7,2543.54,599826.6493
1623801600000,2543.55,2556.19,2351.18,2367.89,624741.7836
1623888000000,2368.02,2460.5,2306,2373.28,560667.5857
1623974400000,2373.28,2378,2139,2234.09,778905.202
1624060800000,2234.09,2278.82,2161.67,2164.67,496872.25
1624147200000,2165.34,2280.01,2040.68,2243.47,743883.6474
1624233600000,2243.49,2260.16,1865.54,1885.49,1629819.666
1624320000000,1885.27,1998,1700.48,1879.28,1695338.081
1624406400000,1879.29,2045,1821.95,1968.14,918612.3049
1624492800000,1967.95,2036.61,1884.79,1989.52,701231.6748
1624579200000,1989.53,2019.99,1791.22,1808.82,858808.5477
1624665600000,1808.97,1852.8,1717.32,1829.64,832315.149
1624752000000,1829.84,1984.5,1804.26,1982.28,696055.7931
1624838400000,1982.27,2145,1960.52,2084.41,1044244.683
1624924800000,2084.42,2245,2073.57,2165.33,831257.2328
1625011200000,2165.46,2287.78,2087.99,2275.68,910583.6032
1625097600000,2275.68,2275.93,2073.12,2106.41,787865.2514
1625184000000,2106.41,2160,2018.5,2154.13,672282.3748
1625270400000,2153.95,2240,2112.01,2226.99,569264.801
1625356800000,2226.99,2389.93,2189.58,2322.69,590656.2507
1625443200000,2322.69,2324.64,2157.32,2196.53,781806.3161
1625529600000,2196.85,2350,2193,2322.5,785330.1715
1625616000000,2322.51,2409,2291.9,2316.57,666501.3557
1625702400000,2316.25,2325.6,2084.79,2116.33,880265.0412
1625788800000,2116.32,2189.4,2046.51,2146.99,738611.363
1625875200000,2146.99,2194.82,2074.16,2110.69,499071.859
1625961600000,2110.68,2174,2081.02,2140.45,342294.403
1626048000000,2140.54,2167.83,2006.68,2031.58,540630.1074
1626134400000,2031.57,2047.35,1918,1940.15,647388.2497
1626220800000,1940.44,2019.18,1865,1994.58,690505.6094
1626307200000,1994.41,2042.88,1881,1919.51,645271.3256
1626393600000,1919.54,1965,1850,1876.26,577068.8972
1626480000000,1876.47,1919.19,1844.45,1899.59,430300.5158
1626566400000,1899.5,1993.79,1877.1,1891.64,534837.6365
1626652800000,1891.65,1919,1805,1818.73,547419.9377
1626739200000,1818.73,1841.34,1706,1786.03,786257.272
1626825600000,1786.03,2035.23,1747.55,1995.5,1115949.82
1626912000000,1995.5,2046,1947.62,2024.56,768854.3659
1626998400000,2024.27,2130.9,1993.22,2124.25,708160.9132
1627084800000,2124.26,2199.5,2105.58,2184.75,633075.1859
1627171200000,2184.9,2197.41,2105.93,2189.79,535630.27
1627257600000,2189.82,2433.65,2171.57,2228.08,1393738.163
1627344000000,2227.81,2319.26,2150.5,2299.49,906359.2348
1627430400000,2299.47,2345,2243.15,2300.9,718202.5773
1627516800000,2300.9,2400,2266.12,2382.92,499364.835
1627603200000,2382.93,2471.7,2315.92,2461.81,762577.288
1627689600000,2461.77,2553.86,2420.68,2531.05,507601.0503
1627776000000,2531.1,2697.61,2511.24,2555.69,853495.9408
1627862400000,2555.5,2666,2507,2606.93,726701.8495
1627948800000,2606.92,2632.44,2442.32,2509.04,792960.8438
1628035200000,2508.51,2772.71,2457.68,2724.78,954590.7536
1628121600000,2724.55,2843.98,2529.91,2826.99,1307720.207
1628208000000,2827.01,2946.75,2720.06,2891.58,825399.4864
1628294400000,2891.54,3171,2865.5,3160.31,1205277.101
1628380800000,3160.48,3189.99,2949.03,3011.85,966349.7058
1628467200000,3011.84,3186,2893.23,3160.52,1129584.616
1628553600000,3160.51,3233,3051.22,3141.66,880675.7444
1628640000000,3141.14,3274,3120.27,3160.5,732546.6043
1628726400000,3160.4,3239,2979.29,3045.96,737628.4581
1628812800000,3046.11,3327.83,3033.8,3322.32,579333.4032
1628899200000,3322.33,3330.98,3200,3263.16,486102.5379
1628985600000,3263.16,3320,3111.13,3307.09,565579.6777
1629072000000,3307.35,3335,3135.22,3146.53,635667.0542
1629158400000,3147.18,3290,2991.89,3011.72,804996.0697
1629244800000,3011.73,3125.81,2950,3014.55,625103.2557
1629331200000,3014.18,3188,2958.33,3184.12,634769.9217
1629417600000,3184.11,3300,3177.16,3284.82,558127.4554
1629504000000,3284.81,3309.16,3207,3223.43,421156.0908
1629590400000,3223.36,3272,3126.42,3238,406479.0765
1629676800000,3238,3377.89,3230.02,3321.28,602103.4461
1629763200000,3321.28,3357.85,3147.31,3170.62,540480.0785
1629849600000,3170.63,3248,3080,3226.87,483697.6944
1629936000000,3226.88,3250,3053.3,3093.2,442298.4737
1630022400000,3093.06,3280,3060.18,3273.45,451027.8071
1630108800000,3273.89,3287,3210.31,3244.48,262360.3492
1630195200000,3244.75,3285,3152.34,3223.47,335806.7827
1630281600000,3223.47,3347.95,3143,3229.64,625347.2754
1630368000000,3229.14,3476,3188.77,3429.2,863071.1309
1630454400000,3429.19,3842,3382.22,3826.82,845759.9587
1630540800000,3826.82,3836.8,3717.04,3785.82,525165.7996
1630627200000,3785.82,4027.88,3705.05,3938.11,655903.7574
1630713600000,3938.11,3970,3832.5,3885.52,364478.1193
1630800000000,3885.61,3980,3830,3950.29,365759.8597
1630886400000,3950.28,3970,3864.3,3926.77,397768.5783
1630972800000,3926.67,3947.15,3005,3434.57,1203536.002
1631059200000,3434.84,3560,3215.16,3499,780611.7657
1631145600000,3499.01,3567.06,3390.4,3424.93,628553.8831
1631232000000,3424.94,3514.11,3150,3208.86,633026.2659
1631318400000,3208.85,3348.37,3200,3267.21,413524.1761
1631404800000,3267.1,3474.16,3231.1,3404.21,408858.9595
1631491200000,3404.3,3430.3,3108.49,3285.35,647855.7199
1631577600000,3285.09,3437.05,3269.95,3434.37,373634.9026
1631664000000,3434.37,3616.16,3357.78,3613.55,428507.5278
1631750400000,3613.55,3676.28,3481.14,3567.98,467985.4919
1631836800000,3567.97,3594.17,3350.07,3399.81,398888.3705
1631923200000,3399.89,3541.96,3368.88,3435.64,315162.7627
1632009600000,3435.64,3456.53,3277.74,3328.62,312948.0013
1632096000000,3328.57,3347.82,2913.39,2977.28,917939.5785
1632182400000,2977.32,3105.83,2652,2765.9,971519.8894
1632268800000,2766.72,3088.88,2737.54,3076.92,677457.6483
1632355200000,3076.92,3174.5,3033.85,3152.5,459293.8858
1632441600000,3152.41,3158.52,2733,2928.53,932090.8856
1632528000000,2928.22,2967.52,2801.57,2921.73,491974.0226
1632614400000,2921.84,3115.51,2738.17,3059.37,703594.478
1632700800000,3059.36,3164.94,2922.71,2925.59,510130.7319
1632787200000,2924.76,2970.82,2789,2804.91,511325.4643
1632873600000,2805.15,2950,2782,2850.45,411305.0893
1632960000000,2850.45,3048.42,2837.19,3000.61,506896.7612
1633046400000,3000.62,3330,2969.07,3309.91,648714.6151
1633132800000,3309.91,3469,3257,3387.76,422551.1811
1633219200000,3387.77,3488,3342.51,3417.73,360586.8905
1633305600000,3417.73,3437.19,3270,3386.31,485204.642
1633392000000,3386.31,3545,3363.78,3515.27,393900.8818
1633478400000,3515.48,3632.11,3342,3574.89,618265.5402
1633564800000,3574.88,3653.98,3470.8,3587.47,486102.3591
1633651200000,3587.47,3695,3532,3563.13,403597.1437
1633737600000,3563.13,3635,3538.07,3574.82,361906.7514
1633824000000,3574.83,3604,3405,3414.22,580223.6302
1633910400000,3414.22,3623.8,3371,3542.12,493521.882
1633996800000,3542.12,3547.11,3403.21,3491.46,409377.1918
1634083200000,3491.43,3613,3412.7,3607.42,393463.1222
1634169600000,3607.41,3824,3586.04,3790.82,481894.1473
1634256000000,3790.82,3907.77,3734.1,3868.99,504321.732
1634342400000,3868.38,3971,3803.56,3829.96,373727.8549
1634428800000,3829.96,3919.19,3640,3846.85,368898.9831
1634515200000,3847,3893.14,3676,3744.96,401819.9734
1634601600000,3744.96,3886.89,3732,3877.03,341268.3723
1634688000000,3876.98,4169,3828.05,4161.15,537383.0973
1634774400000,4161.37,4375,4013.13,4052.99,798566.5581
1634860800000,4053,4167.41,3888,3972.2,463222.5428
1634947200000,3972.19,4172,3937.51,4167.12,326576.9601
1635033600000,4167.13,4186.57,3961.5,4082.33,350115.8386
1635120000000,4082.33,4236,4067.71,4220.37,347438.6534
1635206400000,4220.36,4297,4090.21,4131.52,414498.1599
1635292800000,4131.52,4307,3909,3922,704604.25
1635379200000,3921.99,4295,3890.17,4286.02,626378.5055
1635465600000,4286.01,4460.47,4265.97,4418.89,559231.0769
1635552000000,4418.89,4434.06,4232.2,4322.68,340223.069
1635638400000,4322.68,4399.14,4164.35,4287.21,412856.2893
1635724800000,4287.48,4386.58,4146.3,4319.43,417620.7073
1635811200000,4319.43,4599.6,4284.43,4589.89,468184.793
1635897600000,4589.68,4665.87,4455,4603.35,448658.3513
1635984000000,4603.35,4606.65,4420.08,4532.32,368218.257
1636070400000,4532.31,4570.05,4438.8,4474.24,305651.7244
1636156800000,4474.24,4530,4326.17,4518,322154.0973
1636243200000,4518,4637.98,4502.37,4612.59,243596.5952
1636329600000,4612.59,4822.97,4612,4807.98,391102.3181
1636416000000,4807.98,4838.28,4713.89,4732.33,311267.58
1636502400000,4732.33,4868,4461.93,4628.78,553596.9916
1636588800000,4628.68,4779,4576.47,4719,303688.9765
1636675200000,4719,4809.71,4507.85,4665.46,461580.0415
1636761600000,4665.47,4707.6,4584.08,4644.28,220720.6611
1636848000000,4644.27,4696.05,4514.12,4626.5,245309.0674
1636934400000,4626.5,4772.01,4540,4563.78,375421.6601
1637020800000,4563.77,4563.77,4103,4209.76,735857.063
1637107200000,4209.59,4299.91,4063.48,4287.8,472852.1842
1637193600000,4288.07,4344.81,3956.44,3996.9,576945.1837
1637280000000,3996.9,4308.97,3973.01,4294.76,420045.0897
1637366400000,4294.75,4435.88,4199.86,4412.17,365584.578
1637452800000,4412.17,4451,4242.41,4258.31,340206.3203
1637539200000,4259.7,4320,4022.74,4085.97,518501.3338
1637625600000,4086.28,4385.59,4059.62,4339.44,502811.7902
1637712000000,4339.45,4373.94,4167.65,4269.36,448727.0306
1637798400000,4270.1,4550,4248.27,4524.85,445868.2434
1637884800000,4524.48,4551,3913,4041.2,720245.1612
1637971200000,4041.2,4183.66,4028.34,4095.29,275326.5202
1638057600000,4095.29,4298.51,3964,4294.78,346471.3551
1638144000000,4294.77,4458.92,4276.89,4444.53,406881.2284
1638230400000,4444.54,4753,4346.36,4630.26,743024.4662
1638316800000,4630.25,4778.75,4523.99,4582.95,508198.3105
1638403200000,4582.95,4634.83,4433,4511.21,451861.9545
1638489600000,4511.35,4654.88,4032.5,4215.73,677974.8659
1638576000000,4215.01,4238.59,3503.68,4117.25,1111773.145
1638662400000,4117.25,4248.19,4031.39,4196.44,536325.4413
1638748800000,4196.44,4376.15,3921,4347.59,726742.9638
1638835200000,4347.57,4425,4255.92,4306.4,420749.751
1638921600000,4306.4,4450.49,4222.95,4436.91,429403.9351
1639008000000,4436.91,4488,4076.16,4105.64,462173.711
1639094400000,4105.64,4231.08,3887.37,3897.94,563236.5671
1639180800000,3898.31,4097.08,3828.22,4089.37,427853.4343
1639267200000,4089.68,4173.63,3986.25,4130,260535.5157
1639353600000,4130,4142.75,3671.45,3781.93,533467.2307
1639440000000,3781.92,3882.74,3685,3858.99,395145.7462
1639526400000,3858.99,4092.22,3643.73,4019.08,542068.0573
1639612800000,4019.54,4113.43,3942.11,3958.11,368780.031
1639699200000,3959.11,3994.1,3700,3875.42,463370.9225
1639785600000,3875.43,3996.93,3767.01,3959.93,339593.2543
1639872000000,3959.93,4032.43,3884,3924.14,306006.323
1639958400000,3924.14,3983.37,3753,3944.73,366916.4771
1640044800000,3944.72,4063,3913.21,4014.15,340826.3553
1640131200000,4014.41,4074.87,3933.4,3979.51,303191.8076
1640217600000,3979.51,4150,3893.23,4111.41,380207.8166
1640304000000,4111.41,4134.84,4017.17,4046.36,230833.1661
1640390400000,4046.35,4137.91,4018.62,4094.83,208126.8805
1640476800000,4094.36,4105,4000,4063.56,189309.255
1640563200000,4063.57,4127.46,4031,4037.23,222225.3761
1640649600000,4037.22,4037.23,3759.36,3792.75,358064.7163
1640736000000,3792.75,3827.78,3604.2,3630.19,302753.6375
1640822400000,3630.18,3769.1,3585,3709.27,249263.7305
1640908800000,3709.27,3815,3622.29,3676.23,268014.2942
1640995200000,3676.22,3776.45,3673.46,3765.54,154143.8968
1641081600000,3765.54,3857.44,3717.3,3828.27,154791.4263
1641168000000,3828.11,3853.09,3680,3765.89,236245.8586
1641254400000,3765.89,3900.73,3713.11,3785.11,288258.5549
1641340800000,3785.1,3848,3415,3540.63,397942.0363
1641427200000,3539.82,3550.43,3300,3406.81,496745.7413
1641513600000,3406.81,3416.76,3064.42,3199.24,669631.7262
1641600000000,3198.68,3250,3000,3080.95,400692.1061
1641686400000,3080.98,3211.72,3057.35,3151.97,275874.1643
1641772800000,3151.97,3185,2928.83,3082.68,529818.3866
1641859200000,3082.87,3263.54,3051.8,3239.72,362446.7087
1641945600000,3239.73,3411.43,3206.2,3371.26,370465.8015
1642032000000,3371.6,3410,3233.43,3240.61,336234.8799
1642118400000,3240.61,3342.79,3188,3307.42,285326.3505
1642204800000,3307.42,3371.64,3261,3326.04,203100.3778
1642291200000,3326.51,3393.6,3269.62,3346.88,210782.2277
1642377600000,3346.89,3357.57,3141.1,3209.67,284063.6548
1642464000000,3209.68,3243.87,3082,3159.85,299134.2728
1642550400000,3159.85,3174.87,3000,3084.02,332996.5703
1642636800000,3084.02,3273.37,2987.15,3001.48,357596.7062
1642723200000,3001.48,3034.12,2403,2568.15,1022021.7
1642809600000,2567.47,2626,2300,2412.18,1081357.549
1642896000000,2412.18,2556.78,2370.8,2539.01,580497.7613
1642982400000,2539,2539.75,2159,2439.29,1123134.704
1643068800000,2439.56,2506.55,2348.96,2458.83,510152.954
1643155200000,2459.04,2722,2402.03,2462.99,806441.6229
1643241600000,2463,2521,2316.43,2424.25,599481.7159
1643328000000,2424.02,2558.98,2357.88,2544.99,485149.8065
1643414400000,2544.99,2636.66,2520.01,2601.43,376666.8246
1643500800000,2601.43,2640,2542.5,2601.68,290770.0859
1643587200000,2601.67,2706.77,2476.07,2686.94,444584.851
1643673600000,2686.94,2813,2673.52,2787.23,390034.2736
1643760000000,2787.48,2810.88,2612.72,2680.67,447852.1228
1643846400000,2680.25,2726.64,2576.05,2695.46,405043.3931
1643932800000,2695.21,2995,2671.4,2994.99,664002.9328
1644019200000,2994.99,3060.47,2958.01,3012.65,356803.3071
1644105600000,3012.64,3074.56,2950.21,3054.99,249394.5966
1644192000000,3055,3186,2991.8,3139.77,455070.2529
1644278400000,3139.77,3232.87,3025.21,3116.69,514773.5837
1644364800000,3116.69,3269.7,3055,3243.94,370267.8913
1644451200000,3243.6,3283.66,3056.74,3072.49,578212.8383
1644537600000,3072.36,3138.62,2879,2927.54,462025.8751
1644624000000,2927.54,2985.98,2858.3,2918.88,336250.3131
1644710400000,2918.58,2954.4,2836.7,2871.13,242751.3547
1644796800000,2871.14,2964.97,2829.01,2929.75,381778.238
1644883200000,2929.75,3196.19,2912.06,3183.52,448971.754
1644969600000,3183.53,3186.77,3044.03,3122.3,319997.6244
1645056000000,3122.31,3160,2851.55,2891.87,488693.2624
1645142400000,2891.88,2943.97,2750,2779.48,502977.4069
1645228800000,2779.3,2830.96,2694.45,2763.63,293838.0025
1645315200000,2763.63,2764.64,2576,2621.99,386384.904
1645401600000,2621.99,2759.51,2558,2568.02,761838.9858
1645488000000,2568.03,2665.74,2500,2636.29,692639.4942
1645574400000,2636.28,2753.55,2575.83,2579.71,504470.1412
1645660800000,2579.7,2740,2300,2596.2,1395732.775
1645747200000,2596.26,2834.97,2571.72,2768.49,679394.1762
1645833600000,2768.05,2878,2727.5,2779.47,418485.2529
1645920000000,2779.47,2836.33,2557.98,2616.79,650198.7785
1646006400000,2616.79,2951.6,2568.62,2920.95,733794.4488
1646092800000,2920.83,3037.94,2854.09,2976.33,673901.6976
1646179200000,2976.33,3043.91,2914.21,2947.3,614623.7461
1646265600000,2947.31,2970.97,2785,2833.99,446192.2353
1646352000000,2834,2836.17,2573,2622.1,556178.7588
1646438400000,2622.11,2685.12,2589.38,2665.15,268730.3036
1646524800000,2665.16,2676.29,2535,2551.29,336487.9099
1646611200000,2551.3,2649,2445,2491.12,620171.6787
1646697600000,2491.12,2624,2480.15,2575.97,561659.7421
1646784000000,2575.98,2775.85,2567.7,2726.98,562771.7403
1646870400000,2726.98,2733.25,2550.27,2606.7,559029.9377
1646956800000,2606.69,2676.78,2522.57,2556.86,494583.6568
1647043200000,2556.86,2616.79,2553.39,2568.8,219236.5711
1647129600000,2568.8,2603.32,2493,2515.65,316942.1601
1647216000000,2515.66,2609.6,2498.67,2589.41,386630.1912
1647302400000,2589.42,2669,2507,2617.73,461202.3014
1647388800000,2617.74,2788,2603.38,2773.81,666224.7217
1647475200000,2773.8,2836,2746.42,2811.92,379312.541
1647561600000,2811.91,2984,2765.59,2938.92,556535.7966
1647648000000,2938.84,2987.7,2890.86,2950.84,325971.5398
1647734400000,2950.85,2964.17,2817.21,2861.38,377608.8214
1647820800000,2861.39,2960.57,2829.81,2890.03,450223.9073
1647907200000,2890.03,3052.85,2886.43,2969.64,564868.9839
1647993600000,2969.64,3045.2,2920.65,3036,453962.7298
1648080000000,3035.99,3129.11,2999.11,3110.76,577171.5239
1648166400000,3110.75,3193.28,3076,3102.14,489099.5572
1648252800000,3102.13,3153.2,3084.9,3145,207134.847
1648339200000,3145.01,3299.37,3126.02,3295.65,335467.4145
1648425600000,3295.65,3431.15,3275.01,3332.92,527237.1133
1648512000000,3332.91,3481.87,3329.68,3400.51,465899.8226
1648598400000,3400.51,3446.9,3331.84,3385.79,356082.5231
1648684800000,3385.8,3444.83,3261.35,3281.51,455091.2395
1648771200000,3281.51,3481.29,3210.68,3455.21,532169.2392
1648857600000,3455.2,3532.2,3433.14,3443.77,499893.29
1648944000000,3443.77,3580.34,3412.11,3521.91,381581.7683
1649030400000,3521.9,3547,3405.97,3519.5,449984.1586
1649116800000,3519.5,3555,3400,3406.99,397782.7437
1649203200000,3407,3407.5,3162.39,3168.51,736273.1047
1649289600000,3168.52,3268.98,3143.15,3227.19,458179.3272
1649376000000,3227.2,3314.02,3173.52,3192.39,502422.5048
1649462400000,3192.39,3268.4,3181.28,3258.57,212444.2566
1649548800000,3258.57,3307.22,3193,3203.04,232303.2326
1649635200000,3203.04,3213.63,2950,2979.74,693394.2912
1649721600000,2979.75,3085,2950,3027.66,579522.9505
1649808000000,3027.65,3128.97,2996.86,3118.28,419101.494
1649894400000,3118.28,3145,2976.3,3021.98,408382.5572
1649980800000,3021.98,3060.92,2993.13,3040.56,249626.2981
1650067200000,3040.57,3086.1,3010.03,3059.3,176352.4165
1650153600000,3059.3,3083,2981.7,2988.06,243772.074
1650240000000,2988.07,3069.6,2883.22,3055.56,510251.6536
1650326400000,3055.56,3131,3030.34,3101.77,359375.0038
1650412800000,3101.74,3166.5,3036.45,3076.04,415000.0685
1650499200000,3076.03,3180,2942.31,2983.58,562699.697
1650585600000,2983.57,3034.32,2930.35,2962.39,452433.082
1650672000000,2962.39,2978.03,2913.89,2933.03,187576.7324
1650758400000,2933.04,2967.06,2912.09,2921,218957.0222
1650844800000,2920.99,3025.65,2797.01,3006.62,619198.3616
1650931200000,3006.63,3039.54,2767,2809.67,531184.3504
1651017600000,2809.68,2919.87,2794.46,2888.96,488951.2416
1651104000000,2888.95,2980,2853.83,2936.93,537392.9978
1651190400000,2936.92,2946.46,2776.63,2817.13,525978.147
1651276800000,2817.13,2841.63,2709.26,2726.66,367757.2469
1651363200000,2726.67,2849.9,2716.13,2824.81,442544.8792
1651449600000,2824.81,2894.22,2778.78,2856.54,521706.8567
1651536000000,2856.54,2861.47,2755.19,2781.7,371331.1796
1651622400000,2781.7,2965.85,2771.74,2940.64,548738.0668
1651708800000,2940.65,2954.65,2683,2747.97,734845.3194
1651795200000,2747.96,2758.18,2632.95,2692.85,711449.3234
1651881600000,2692.86,2704.36,2584.75,2635.34,371271.4532
1651968000000,2635.35,2642,2484,2519.71,757615.3415
1652054400000,2519.71,2530.78,2225,2228.55,1574924.979
1652140800000,2229,2457.34,2200,2342.05,1550626.139
1652227200000,2342.04,2451.37,2005,2084.99,2022864.838
1652313600000,2084.99,2195,1800,1960.22,2305192.908
1652400000000,1960.22,2147.54,1940.23,2009.69,1134042.339
1652486400000,2009.69,2070.06,1951.21,2056.48,563788.3078
1652572800000,2056.47,2167,2000.68,2145.29,514398.2587
1652659200000,2145.29,2145.29,1979.12,2023.66,822070.8531
1652745600000,2023.66,2122.42,2008,2090.72,568249.0448
1652832000000,2090.72,2110.72,1908,1915.11,631577.2341
1652918400000,1915.11,2040.39,1903.18,2019.55,741476.9794
1653004800000,2019.55,2064,1923,1959.08,576981.5371
1653091200000,1959.08,1990.86,1937.36,1975.07,238869.7632
1653177600000,1975.06,2056.41,1966.33,2043.19,355735.1927
1653264000000,2043.19,2088.5,1957.12,1973.32,636085.0224
1653350400000,1973.33,1993.83,1913.02,1979.41,534096.972
1653436800000,1979.4,2022.34,1934.61,1942.63,524786.3091
1653523200000,1942.64,1966.01,1735,1792.23,1168740.575
1653609600000,1792.24,1822.26,1703,1727.27,1296693.285
1653696000000,1727.26,1808.98,1722.26,1792.22,558271.1818
1653782400000,1792.21,1827.4,1759.96,1813.64,432430.611
1653868800000,1813.64,2013,1803.18,1998.78,814922.8359
1653955200000,1998.78,2016.45,1925,1941.9,751103.4226
1654041600000,1941.9,1972.58,1763.75,1817.95,1037841.271
1654128000000,1817.96,1853.05,1782.42,1834.08,788784.4017
1654214400000,1834.09,1843.91,1737,1775.12,741282.5346
1654300800000,1775.13,1816,1748.43,1804.58,388279.4579
1654387200000,1804.58,1830.17,1773.05,1806.23,371974.5061
1654473600000,1806.22,1920,1804.35,1859.84,804250.3567
1654560000000,1859.84,1874.98,1725.13,1813.33,1397598.229
1654646400000,1813.33,1838.77,1765.28,1791.88,941510.1373
1654732800000,1791.88,1833,1777.33,1788.81,535310.9618
1654819200000,1788.8,1804.32,1655.93,1662.91,955035.7924
1654905600000,1662.91,1682.21,1496.74,1532.89,1220325.254
1654992000000,1532.89,1547,1423,1434.84,1563225.37
1655078400000,1434.84,1455,1165.45,1209.82,3626351.665
1655164800000,1209.35,1268.45,1075.8,1208.9,2716493.801
1655251200000,1208.9,1250,1014.4,1237.52,3114823.136
1655337600000,1237.53,1257.85,1051.55,1068.5,1447386.83
1655424000000,1068.5,1118,1051.11,1086.94,1220677.949
1655510400000,1086.93,1097.58,881.56,995.13,2308983.519
1655596800000,995.12,1158.62,936.15,1128.53,2018599.45
1655683200000,1128.53,1170,1053,1128.24,1721772.913
1655769600000,1128.24,1194,1109.23,1125.85,1306095.376
1655856000000,1125.86,1127.33,1043.65,1050.19,1306959.859
1655942400000,1050.19,1155,1045.3,1144.72,1278257.09
1656028800000,1144.71,1245.43,1132,1225.02,1337137.483
1656115200000,1225.02,1256.77,1180,1242.36,861986.6177
1656201600000,1242.31,1280,1194.6,1197.79,884184.273
1656288000000,1197.79,1238.93,1172.49,1192.51,868734.2061
1656374400000,1192.51,1237.99,1136.32,1144.05,1104065.221
1656460800000,1144.05,1156.8,1087.42,1100.21,1295517.796
1656547200000,1100.21,1106.62,998,1071.01,1420670.366
1656633600000,1071.02,1117,1033.44,1059.73,1562255.144
1656720000000,1059.73,1078.88,1028.29,1067.01,714812.0804
1656806400000,1067.01,1088.34,1040.78,1074.26,644746.3337
1656892800000,1074.26,1160.9,1045.37,1151,1150108.986
1656979200000,1151.01,1174.9,1076.34,1132.5,1398961.45
1657065600000,1132.51,1205,1111.44,1186.57,1211768.076
1657152000000,1186.57,1254.29,1163.18,1237.49,1001316.079
1657238400000,1237.49,1276.46,1193.15,1214.04,1189518.363
1657324800000,1214.03,1235.4,1204.67,1217.02,576337.1809
1657411200000,1217.02,1219.95,1153,1168.36,1018038.651
1657497600000,1168.37,1171.29,1091.71,1096.4,1201652.305
1657584000000,1096.37,1098.26,1033.46,1038.58,1261349.632
1657670400000,1038.58,1119.18,1006.32,1115,2035605.83
1657756800000,1115.01,1214.65,1072.11,1193.42,1605101.926
1657843200000,1193.42,1287.82,1181.05,1231.25,1466037.258
1657929600000,1231.25,1422.91,1191.23,1355.85,1493809.923
1658016000000,1355.84,1387,1319.04,1338.65,1246202.88
1658102400000,1338.65,1597.47,1336.07,1581.04,2029918.765
1658188800000,1581.03,1631,1493.11,1542.32,1846048.682
1658275200000,1542.33,1620.4,1484.23,1521.58,1351177.425
1658361600000,1521.63,1605.98,1463.56,1575.45,1247327.496
1658448000000,1575.45,1650.05,1516.11,1535.27,1170723.087
1658534400000,1535.27,1596.51,1488,1548.67,851284.7339
1658620800000,1548.66,1664.34,1545.67,1597.7,1009935.9
1658707200000,1597.7,1609.55,1435.58,1440.79,1418390.981
1658793600000,1440.79,1454.11,1356.17,1449.12,1199643.741
1658880000000,1449.12,1644.44,1420.83,1635.74,1513426.041
1658966400000,1635.74,1784.79,1593.27,1724.52,1578145.076
1659052800000,1724.52,1765.99,1655.02,1721.68,1205266.57
1659139200000,1721.68,1744.85,1673.01,1697,735132.5286
1659225600000,1697,1754.69,1666,1678.12,696326.8079
1659312000000,1678.12,1704.68,1606.12,1630.28,801566.5648
1659398400000,1630.28,1678,1559.28,1630.91,1081964.51
1659484800000,1630.91,1685.03,1589.71,1618.16,777724.7413
1659571200000,1618.16,1662.79,1580.39,1607.96,735552.181
1659657600000,1607.97,1742.07,1605.64,1736.81,1005846.471
1659744000000,1736.81,1749.93,1685.26,1690.6,523314.6444
1659830400000,1690.6,1729.79,1668,1700.19,439904.764
1659916800000,1700.2,1818,1693.87,1777.05,781620.5443
1660003200000,1777.05,1790.83,1667.93,1702.76,818171.1019
1660089600000,1702.76,1885,1656.78,1853.57,1317767.513
1660176000000,1853.58,1942,1850.32,1880.19,1105261.901
1660262400000,1880.19,1964.71,1853.06,1958.28,717628.1015
1660348800000,1958.28,2020,1946.5,1983.55,695876.0293
1660435200000,1983.55,2030,1906,1935.31,569583.4852
1660521600000,1935.32,2012.47,1872.31,1899.06,949162.3305
1660608000000,1899.05,1915,1853,1876.67,622729.1499
1660694400000,1876.67,1959.43,1818.74,1834.25,951824.8975
1660780800000,1834.24,1882.37,1821.25,1846.39,606254.024
1660867200000,1846.39,1848,1602.37,1609.01,1419826.952
1660953600000,1609,1657.08,1523.67,1576.04,914615.9226
1661040000000,1576.03,1646.52,1562.34,1618.13,780662.6062
1661126400000,1618.13,1629.72,1529.92,1624.66,941192.8954
1661212800000,1624.65,1676.07,1563.76,1665.41,940246.932
1661299200000,1665.4,1694.13,1604.92,1656.56,744667.6078
1661385600000,1656.56,1722,1653.68,1695.11,603090.713
1661472000000,1695.11,1706.45,1486.85,1508.18,1149912.829
1661558400000,1508.18,1518.42,1447.52,1491.06,756136.6768
1661644800000,1491.06,1511,1424,1426.76,544846.4486
1661731200000,1426.76,1559.99,1422.08,1551.8,826252.0831
1661817600000,1551.79,1606.13,1473.61,1524.59,1003075.017
1661904000000,1524.59,1619.78,1524.59,1554.1,949227.6775
1661990400000,1554.11,1599,1512.77,1586.16,728710.482
1662076800000,1586.17,1650,1546.41,1575.35,919009.6598
1662163200000,1575.35,1582.71,1534.28,1557.46,321397.2189
1662249600000,1557.45,1583.66,1540.66,1579.28,296591.1166
1662336000000,1579.29,1631.99,1556.56,1617.8,503492.937
1662422400000,1617.8,1687.4,1555,1559.01,1010722.858
1662508800000,1559.01,1657.5,1490.66,1630,850991.4243
1662595200000,1630,1663.56,1595.06,1635.37,645124.0085
1662681600000,1635.37,1746.13,1630.51,1718.23,837458.2126
1662768000000,1718.24,1789,1706.03,1774.12,411046.2466
1662854400000,1774.12,1789,1720.1,1766.11,409287.7263
1662940800000,1766.12,1783,1693,1716.37,630774.6032
1663027200000,1716.37,1760.51,1560.54,1574.4,1134549.726
1663113600000,1574.4,1647.01,1552.38,1638.39,764562.5393
1663200000000,1638.4,1655.2,1458,1472.75,1335499.805
1663286400000,1472.76,1483.35,1405.52,1433.9,693597.2425
1663372800000,1433.9,1476.13,1409.12,1468.83,421391.3743
1663459200000,1468.82,1469.63,1325.55,1334.51,804113.468
1663545600000,1334.51,1393.35,1280,1375.98,974855.198
1663632000000,1375.98,1384.78,1312.71,1322.93,658027.1465
1663718400000,1322.94,1408.9,1220,1245.78,1192266.738
1663804800000,1245.79,1350.08,1237.32,1326.46,904282.2725
1663891200000,1326.47,1360,1262.15,1327.25,974052.3644
1663977600000,1327.24,1349.33,1306.52,1317.13,517557.3497
1664064000000,1317.13,1337,1269.27,1294.63,515533.8409
1664150400000,1294.62,1340.42,1277.85,1336.17,799166.4333
1664236800000,1336.17,1400,1303.75,1328.02,860584.8944
1664323200000,1328.01,1355.7,1253.2,1337.2,919314.9131
1664409600000,1337.2,1352.02,1288.52,1335.7,770591.6895
1664496000000,1335.69,1373.19,1313.35,1328.72,740753.611
1664582400000,1328.71,1333.69,1302.68,1311.79,252081.9056
1664668800000,1311.79,1317.93,1270,1276.72,371740.0407
1664755200000,1276.72,1329.9,1263.04,1323.09,483775.2435
1664841600000,1323.1,1369.55,1318.66,1361.49,476207.6702
1664928000000,1361.5,1364.77,1316.29,1352.2,483508.7782
1665014400000,1352.2,1383.99,1345.01,1352.06,573975.324
1665100800000,1352.07,1361.75,1317.26,1331.1,491999.8776
1665187200000,1331.1,1337.35,1303.51,1315.48,203391.6612
1665273600000,1315.48,1329,1307.26,1323.13,186201.9185
1665360000000,1323.13,1338,1288,1290.03,393663.0114
1665446400000,1290.03,1298,1267.01,1280.11,429430.3941
1665532800000,1280.11,1306.87,1275.25,1294.44,369712.5759
1665619200000,1294.44,1301.58,1190,1287.08,945618.3163
1665705600000,1287.08,1343.12,1283.39,1296.27,669742.8093
1665792000000,1296.26,1301.69,1263.64,1274.92,287100.9529
1665878400000,1274.93,1315.35,1274.67,1305.95,293321.3632
1665964800000,1305.96,1338.57,1295.64,1331.4,459848.4941
1666051200000,1331.39,1341.73,1286.72,1310.71,572728.9189
1666137600000,1310.71,1313.5,1280.31,1285.09,368637.5105
1666224000000,1285.09,1310.87,1270.36,1282.57,428531.6103
1666310400000,1282.57,1306.97,1252.65,1299.75,468076.7986
1666396800000,1299.76,1320.2,1294.32,1313.61,221776.7007
1666483200000,1313.62,1371.55,1299.44,1364.2,432269.46
1666569600000,1364.19,1370.6,1324.17,1343.61,611830.797
1666656000000,1343.61,1525.16,1334.94,1459.74,1127932.901
1666742400000,1459.74,1594.99,1457.44,1566.1,1236044.702
1666828800000,1566.11,1578.58,1503.2,1514.05,869454.4851
1666915200000,1514.04,1574.9,1479.82,1554.41,858954.4425
1667001600000,1554.4,1663.06,1547.66,1619.55,914161.0846
1667088000000,1619.55,1640.06,1576.56,1590.44,476036.4243
1667174400000,1590.45,1635.8,1545.43,1572.69,810334.2414
1667260800000,1572.69,1612.92,1563.69,1578.48,527539.2965
1667347200000,1578.47,1621.68,1502.32,1518.34,981395.3648
1667433600000,1518.33,1559.01,1515.17,1531.01,560202.8813
1667520000000,1531.01,1680,1528.4,1644.78,935531.4781
1667606400000,1644.78,1666.97,1621.42,1626.98,351385.5362
1667692800000,1626.98,1639.02,1564.39,1568.29,414863.9525
1667779200000,1568.25,1608.04,1545.03,1568.1,642409.4494
1667865600000,1568.09,1579.98,1233,1334.77,2339916.509
1667952000000,1334.78,1337.16,1073.53,1102.73,2494797.936
1668038400000,1102.73,1350,1085.93,1299.28,1975955.677
1668124800000,1299.28,1310,1201.26,1289.28,1308087.15
1668211200000,1289.35,1292.16,1238.7,1257.25,547772.9172
1668297600000,1257.25,1274.23,1200.66,1221.49,547410.5304
1668384000000,1221.5,1291.2,1171.13,1243.28,934742.0059
1668470400000,1243.29,1291,1234.01,1253.23,632825.568
1668556800000,1253.22,1268.67,1187.06,1216.17,673339.7215
1668643200000,1216.16,1228.22,1181.05,1200.43,530537.3488
1668729600000,1200.42,1234,1199.18,1212.58,360218.5337
1668816000000,1212.58,1235,1197.67,1217.67,209789.5888
1668902400000,1217.67,1227.07,1132.65,1142.21,531108.7607
1668988800000,1142.21,1146.99,1079.76,1107.34,922647.9454
1669075200000,1107.34,1146.13,1075,1139.6,748884.5791
1669161600000,1139.59,1190,1127.75,1184.52,636927.1594
1669248000000,1184.52,1217.71,1180.6,1203.73,486080.6123
1669334400000,1203.72,1207.77,1171.2,1199.3,391430.1658
1669420800000,1199.29,1235.66,1196.2,1205.6,379840.8116
1669507200000,1205.61,1223.33,1188.65,1193.88,286386.7986
1669593600000,1193.88,1199.25,1151.02,1167.77,478795.6093
1669680000000,1167.77,1228.37,1158.27,1216.49,512143.5861
1669766400000,1216.49,1309.77,1212.5,1294.46,815679.2717
1669852800000,1294.46,1299.9,1262.77,1276.41,430018.7391
1669939200000,1276.4,1297.18,1265.24,1295.59,371559.585
1670025600000,1295.58,1309,1236.26,1240.51,347148.2588
1670112000000,1240.5,1287.19,1240.1,1279.41,324129.5466
1670198400000,1279.4,1305.11,1246.61,1259.41,391628.5166
1670284800000,1259.41,1274.76,1241.56,1271.32,301631.839
1670371200000,1271.31,1278.69,1218.01,1231.18,398559.5166
1670457600000,1231.18,1292.58,1222.01,1280.18,406653.5447
1670544000000,1280.18,1296.64,1250,1263.1,406008.0032
1670630400000,1263.11,1283.61,1259.6,1266.35,182278.6396
1670716800000,1266.35,1284.75,1255.85,1263.01,180494.902
1670803200000,1263,1278.9,1240.03,1275.4,363750.5481
1670889600000,1275.41,1349,1255.1,1320.69,659393.8825
1670976000000,1320.69,1352.72,1301,1307.44,554465.5717
1671062400000,1307.45,1311.14,1259.27,1266.54,390051.2447
1671148800000,1266.53,1280.06,1155.32,1166.83,751422.2779
1671235200000,1166.82,1190.03,1161.92,1187.16,328881.6281
1671321600000,1187.16,1199.54,1170.32,1183.06,252260.144
1671408000000,1183.06,1195,1150.51,1167.82,296832.7228
1671494400000,1167.82,1230.47,1163.12,1216.94,465184.1943
1671580800000,1216.95,1223.39,1203.02,1213.78,245723.8377
1671667200000,1213.78,1237.99,1182.54,1217.71,336761.6598
1671753600000,1217.72,1231.99,1210,1219.99,278604.2882
1671840000000,1219.98,1227.99,1214.69,1220.41,123701.5301
1671926400000,1220.42,1225,1193.18,1218.51,231652.0612
1672012800000,1218.52,1231.09,1211.67,1228.11,162723.0857
1672099200000,1228.12,1233.73,1200.58,1211.55,262437.6398
1672185600000,1211.55,1215.78,1181.06,1190.15,367828.8914
1672272000000,1190.15,1206.57,1186.77,1200.49,249130.4869
1672358400000,1200.48,1202.15,1181.08,1199.99,266014.2115
1672444800000,1199.98,1208.46,1191.66,1196.13,139379.2811
1672531200000,1196.13,1204.67,1190.57,1200.34,117762.0685
1672617600000,1200.33,1224.29,1193,1214,252794.14
1672704000000,1213.99,1219.89,1204.93,1214.55,205519.4944
1672790400000,1214.56,1272.6,1212.71,1256.9,457799.6648
1672876800000,1256.91,1259.95,1242.81,1251.24,272805.33
1672963200000,1251.25,1276.7,1236,1269.14,342344.2023
1673049600000,1269.13,1271.09,1261.3,1264.07,129474.2884
1673136000000,1264.06,1296,1257.77,1290.16,213636.7848
1673222400000,1290.15,1344.91,1285.44,1320.39,581727.6968
1673308800000,1320.4,1347.69,1316.8,1335.62,459660.2307
1673395200000,1335.63,1398,1321.04,1389.39,472465.9556
1673481600000,1389.4,1438,1361.92,1415.92,877712.4492
1673568000000,1415.91,1464,1401.03,1451.2,499377.8649
1673654400000,1451.21,1599.98,1449.14,1549.9,940691.7774
1673740800000,1549.91,1566.66,1516.03,1552.52,387832.7138
1673827200000,1552.52,1604.5,1521.31,1576.94,574622.8953
1673913600000,1576.94,1609,1541.15,1565.57,506771.7219
1674000000000,1565.56,1610,1501.39,1511.43,752534.8857
1674086400000,1511.44,1564.43,1509.15,1551.09,308679.4645
1674172800000,1551.09,1669.9,1542.02,1658.52,440570.9974
1674259200000,1658.53,1679.26,1616.21,1626.66,494248.6009
1674345600000,1626.65,1663.89,1604,1627.44,431729.6909
1674432000000,1627.43,1648.09,1585.29,1626.29,407267.1156
1674518400000,1626.28,1641.46,1535,1555.97,462275.3243
1674604800000,1555.97,1641,1518,1611.94,646474.9166
1674691200000,1611.95,1632.84,1577.43,1601.09,532777.8466
1674777600000,1601.08,1621,1552.54,1597.62,512093.3875
1674864000000,1597.61,1606.83,1555.99,1572.1,313675.6574
1674950400000,1572.1,1660,1566.33,1644.72,551767.9134
1675036800000,1644.73,1647.53,1535,1566.2,595055.3281
1675123200000,1566.21,1605.18,1561.63,1585.33,348856.6751
1675209600000,1585.32,1647.77,1555.18,1641.68,474617.1709
1675296000000,1641.67,1714.68,1626.85,1643.12,629188.8874
1675382400000,1643.12,1676,1625.93,1663.52,464815.032
1675468800000,1663.52,1695.29,1645.43,1666.38,308227.1295
1675555200000,1666.39,1673.81,1609.3,1629.02,413579.6748
1675641600000,1629.01,1658.56,1605.01,1614.29,384119.4197
1675728000000,1614.28,1678.37,1613.14,1671.03,451922.4
1675814400000,1671.03,1697.91,1630.47,1650.43,417966.2539
1675900800000,1650.42,1656.17,1524.4,1545.35,658011.6964
1675987200000,1545.35,1555.01,1490,1513.06,484654.2199
1676073600000,1513.05,1543,1505,1538.51,289691.5708
1676160000000,1538.5,1548.02,1493.08,1514.83,286758.374
1676246400000,1514.82,1526.1,1461.93,1505.24,643152.3904
1676332800000,1505.25,1569,1482.66,1555.71,668964.3768
1676419200000,1555.7,1680,1542.55,1674.92,581207.8586
1676505600000,1674.92,1742.97,1633.72,1637.84,832723.6731
1676592000000,1637.83,1722,1630.51,1693.87,579934.663
1676678400000,1693.81,1713.13,1679.77,1691.62,267305.7813
1676764800000,1691.62,1726.59,1666.14,1679.75,401023.0477
1676851200000,1679.74,1719.89,1650.56,1703.27,451314.8335
1676937600000,1703.27,1716.66,1636.3,1659.76,520354.4688
1677024000000,1659.77,1666.95,1595.07,1643.14,528875.4809
1677110400000,1643.15,1679,1628.75,1650.53,501305.9717
1677196800000,1650.52,1664.66,1575.64,1607.8,512515.4982
1677283200000,1607.8,1608.98,1557.33,1594.58,290188.0391
1677369600000,1594.58,1651.26,1587.76,1641.36,308607.9941
1677456000000,1641.37,1665.22,1608,1633.45,431861.4129
1677542400000,1633.45,1647.52,1596.66,1605.23,393523.1647
1677628800000,1605.24,1669.72,1595,1665.22,474456.8235
1677715200000,1665.23,1677.86,1619.18,1647.86,423023.8082
1677801600000,1647.86,1649.25,1544.39,1569.45,742816.5976
1677888000000,1569.45,1577.53,1549.12,1566.73,237640.2606
1677974400000,1566.74,1588.77,1553.05,1564.58,299240.7415
1678060800000,1564.57,1583.49,1554.44,1565.84,307709.3011
1678147200000,1565.84,1584.49,1536.14,1561.96,437947.9032
1678233600000,1561.95,1570.89,1523.61,1532.38,460101.7658
1678320000000,1532.38,1546.45,1408,1437.32,718485.1364
1678406400000,1437.32,1439.43,1368.39,1426.44,960262.4509
1678492800000,1426.43,1478.07,1408.4,1471.97,1374859.62
1678579200000,1471.93,1594.19,1448.3,1580.33,1002355.093
1678665600000,1580.33,1693.49,1565,1673.45,1228063.605
1678752000000,1673.44,1780.02,1655.24,1699.4,1283321.236
1678838400000,1699.41,1716.9,1611,1649.96,963142.4833
1678924800000,1649.95,1691.42,1632.18,1673.73,627985.6119
1679011200000,1673.73,1800,1662.65,1789.27,907528.2825
1679097600000,1789.26,1841,1747.47,1758.84,711614.731
1679184000000,1758.84,1841.36,1757.92,1780.68,541131.8908
1679270400000,1780.67,1803.05,1722,1732.78,682848.1248
1679356800000,1732.77,1835,1717.01,1801.23,742348.4999
1679443200000,1801.23,1819.98,1710.12,1734.33,891287.6009
1679529600000,1734.34,1857.16,1729.35,1813.79,732061.103
1679616000000,1813.78,1818.99,1726.4,1749.57,564770.1417
1679702400000,1749.57,1763.23,1713.09,1741.88,355679.3743
1679788800000,1741.88,1801,1739.31,1773.88,354933.2372
1679875200000,1773.88,1780.48,1686.13,1715.22,570563.5023
1679961600000,1715.21,1795.73,1701.13,1772.99,536511.3973
1680048000000,1773,1827.99,1772.48,1793.07,536865.5972
1680134400000,1793.06,1829.69,1763,1793.61,579690.0394
1680220800000,1793.6,1847.28,1777.91,1821.52,554525.4762
1680307200000,1821.52,1842.83,1807.81,1820.79,272904.9674
1680393600000,1820.8,1824.81,1771.7,1794.51,322122.9385
1680480000000,1794.51,1839.99,1762.77,1810.51,628503.6619
1680566400000,1810.51,1891.91,1802.01,1870.37,622208.6411
1680652800000,1870.38,1942.98,1864.58,1908.69,548595.5155
1680739200000,1908.68,1909.91,1853.7,1872.41,396241.4352
1680825600000,1872.41,1882.61,1841.46,1863.72,284256.4873
1680912000000,1863.73,1879.38,1847,1848.82,197905.5407
1680998400000,1848.82,1873.99,1824.01,1858.92,287131.3079
1681084800000,1858.91,1918.79,1846.4,1910.2,434739.7984
1681171200000,1910.21,1937.37,1881.11,1889.86,405203.4892
1681257600000,1889.86,1933,1852.65,1917.39,630844.4186
1681344000000,1917.4,2023,1899.55,2012.01,676164.5188
1681430400000,2012,2128.76,2009.22,2099.99,896307.3934
1681516800000,2099.99,2111.85,2071.13,2090.6,321823.7851
1681603200000,2090.61,2141.54,2072.72,2118.67,319880.4393
1681689600000,2118.66,2120.51,2056.25,2074,426972.7071
1681776000000,2073.99,2125,2051,2103.5,414244.6135
1681862400000,2103.51,2104.6,1923.03,1933.73,775389.0602
1681948800000,1933.74,1982.99,1914.43,1942.98,625336.2495
1682035200000,1942.98,1957.27,1825,1848.78,688876.6186
1682121600000,1848.77,1887.31,1841.64,1874.16,331007.5879
1682208000000,1874.17,1882.01,1836.37,1862,344514.3444
1682294400000,1862.01,1890,1806,1841.84,447864.0517
1682380800000,1841.84,1877.86,1801.66,1866.1,457870.6047
1682467200000,1866.1,1964.72,1785,1866.01,897709.7298
1682553600000,1866.01,1940.96,1861.19,1908.68,727472.9466
1682640000000,1908.68,1923.88,1873.94,1890.94,387630.7791
1682726400000,1890.93,1918,1883.05,1907.8,182046.1406
1682812800000,1907.79,1939,1866.16,1870.09,355336.4888
1682899200000,1870.08,1886.49,1806.12,1830.73,445519.1779
1682985600000,1830.73,1881.87,1822.94,1870.08,373753.2027
1683072000000,1870.09,1916.52,1842.64,1905.12,465185.2501
1683158400000,1905.12,1918.26,1866.71,1877.07,354528.6144
1683244800000,1877.07,1998.36,1875.65,1993.3,546608.875
1683331200000,1993.3,2019,1860,1896.33,608106.9915
1683417600000,1896.33,1933.33,1867.59,1870.4,413268.8357
1683504000000,1870.41,1883.97,1810.73,1847.56,625316.6168
1683590400000,1847.55,1861.88,1830.99,1846.52,304396.186
1683676800000,1846.53,1887.47,1790.51,1840.84,639933.3855
1683763200000,1840.83,1842.02,1772.68,1794.3,522096.0725
1683849600000,1794.31,1818.63,1740,1807.45,565539.8309
1683936000000,1807.45,1817.03,1785.23,1795.11,212895.4373
1684022400000,1795.12,1824,1789.82,1799.21,218101.0977
1684108800000,1799.2,1846.7,1785.05,1816.2,388171.9261
1684195200000,1816.21,1832.64,1796.2,1824.21,311238.6786
1684281600000,1824.21,1837.5,1783.68,1822.12,352097.9913
1684368000000,1822.12,1831.92,1771.12,1800.56,293755.311
1684454400000,1800.56,1829.54,1796.81,1812.32,243116.4676
1684540800000,1812.31,1828.87,1807.06,1819.42,127754.4349
1684627200000,1819.42,1828.98,1797.21,1804.91,161517.8053
1684713600000,1804.91,1828.27,1792.01,1817.35,237498.9423
1684800000000,1817.36,1872.5,1815.24,1854.05,396869.6097
1684886400000,1854.06,1854.09,1777.6,1799.89,420846.1445
1684972800000,1799.89,1818.81,1761.41,1805.6,350633.0089
1685059200000,1805.61,1838.2,1796.99,1827.79,275690.6854
1685145600000,1827.8,1836.12,1812.18,1829.89,138824.9406
1685232000000,1829.89,1918.65,1823.6,1908.64,378392.4371
1685318400000,1908.64,1927.62,1873.65,1892.6,313593.4942
1685404800000,1892.6,1917,1881.19,1900.59,272665.8402
1685491200000,1900.58,1907.13,1846.95,1873.63,319255.5681
1685577600000,1873.63,1889.2,1840,1861.78,270496.6097
1685664000000,1861.78,1910,1847.51,1906.68,313004.0658
1685750400000,1906.69,1907.92,1881.6,1892.06,148818.2427
1685836800000,1892.05,1914.63,1884.22,1890.01,172683.0119
1685923200000,1890,1890.63,1778,1810.5,555361.2683
1686009600000,1810.49,1898.29,1797.18,1884.64,491407.2174
1686096000000,1884.65,1897.8,1821.18,1832.13,429196.7064
1686182400000,1832.12,1861.28,1828.31,1845.64,189270.4853
1686268800000,1845.65,1855,1827,1840.37,198324.3252
1686355200000,1840.37,1844.99,1715.03,1751.53,652324.6695
1686441600000,1751.52,1778.25,1738.72,1752.76,219956.2434
1686528000000,1752.77,1759.33,1720,1742.57,302132.4819
1686614400000,1742.57,1770.13,1724.22,1740.12,284268.0018
1686700800000,1740.12,1750.03,1630.43,1650.95,415847.327
1686787200000,1650.95,1680.91,1626.01,1666.96,370774.7696
1686873600000,1666.96,1729.5,1649.86,1717.92,311734.5904
1686960000000,1717.91,1770,1714.26,1727.76,210914.9216
1687046400000,1727.75,1747.84,1712,1720.95,156535.0128
1687132800000,1720.95,1752.19,1698,1737.11,245162.7589
1687219200000,1737.1,1796.99,1714.72,1791.99,328855.6846
1687305600000,1791.99,1901,1787.38,1889.11,613755.8869
1687392000000,1889.1,1933.17,1865.98,1872.01,416714.5719
1687478400000,1872,1936.42,1861.01,1892.63,401147.9324
1687564800000,1892.63,1906,1864.77,1874.96,226910.2941
1687651200000,1874.95,1930,1868.83,1898.8,338757.6158
1687737600000,1898.8,1909.1,1837.18,1858.97,458743.861
1687824000000,1858.97,1912.53,1855.19,1889.58,366634.5707
1687910400000,1889.58,1890.19,1816.56,1828.02,337836.5792
1687996800000,1828.03,1880,1827.84,1851.99,241844.8281
1688083200000,1851.99,1948.6,1825.01,1933.79,716538.1035
1688169600000,1933.8,1944.56,1909.44,1924.5,178373.3688
1688256000000,1924.5,1959.2,1885.75,1937.48,255852.7832
1688342400000,1937.49,1976.16,1933.55,1955.54,322102.4295
1688428800000,1955.55,1967.08,1931.58,1936.2,205525.0984
1688515200000,1936.19,1942.5,1894.51,1910.36,267633.4783
1688601600000,1910.35,1958,1846,1846.17,456362.741
1688688000000,1846.17,1878,1826,1870.91,232944.3466
1688774400000,1870.92,1876,1842.8,1865.24,125819.8273
1688860800000,1865.24,1879.36,1856.15,1862.8,135046.3743
1688947200000,1862.81,1905.5,1846.63,1880.4,247868.1494
1689033600000,1880.41,1891.99,1862.38,1878.3,177771.6117
1689120000000,1878.31,1902,1864.37,1871.82,264406.8673
1689206400000,1871.82,2012.63,1862.59,2004.49,548861.4207
1689292800000,2004.49,2029.11,1898.39,1937.83,498724.0359
1689379200000,1937.82,1946.37,1926.23,1931.41,135181.7663
1689465600000,1931.41,1943.55,1914,1922.11,148667.1051
1689552000000,1922.12,1936.18,1873.26,1911.2,277159.0349
1689638400000,1911.21,1917.19,1875.73,1897.21,215780.5006
1689724800000,1897.21,1922.04,1882.17,1888.63,218045.0005
1689811200000,1888.64,1929.05,1878,1891.59,292907.5164
1689897600000,1891.59,1905.74,1884.64,1891.73,165554.0428
1689984000000,1891.73,1897.35,1851.18,1866.52,131901.6487
1690070400000,1866.52,1905.25,1857.82,1888.73,153501.0178
1690156800000,1888.74,1890.86,1833.19,1850,276504.5547
1690243200000,1850,1868.71,1845.45,1857.66,152251.21
1690329600000,1857.66,1888,1848.35,1872,272090.5333
1690416000000,1871.99,1886.11,1854.84,1861.28,163766.4259
1690502400000,1861.29,1883.39,1856.52,1874.19,138695.7147
1690588800000,1874.2,1886.58,1869.54,1880.46,72867.0269
1690675200000,1880.45,1885.3,1848.17,1861.79,158657.5902
1690761600000,1861.79,1877.4,1851.02,1856.14,168204.4534
1690848000000,1856.13,1875.62,1813.8,1873.47,358476.0966
1690934400000,1873.48,1879.74,1821.21,1839.9,254213.0553
1691020800000,1839.9,1859.12,1826,1835.81,171148.052
1691107200000,1835.81,1851.31,1815.74,1830.23,187699.4552
1691193600000,1830.24,1839,1827.5,1836.48,93657.3255
1691280000000,1836.48,1838.58,1825.86,1830.28,90403.9915
1691366400000,1830.28,1847,1802,1829.1,224092.9059
1691452800000,1829.1,1876.51,1826.33,1856.3,236336.03
1691539200000,1856.3,1871.99,1846.28,1855.35,191926.8343
1691625600000,1855.36,1865.95,1845.38,1852.47,127321.4553
1691712000000,1852.47,1857.26,1838.05,1848.84,113209.3103
1691798400000,1848.84,1854.01,1846.08,1849.93,63292.6476
1691884800000,1849.94,1862,1834.51,1840.73,120674.1364
1691971200000,1840.73,1856.5,1835,1845.5,150196.1203
1692057600000,1845.5,1847.36,1814,1828.98,186081.6989
1692144000000,1828.98,1831.52,1798.17,1807.81,205430.7368
1692230400000,1807.81,1809.99,1550,1681.49,812138.2159
1692316800000,1681.49,1699.4,1641.02,1661.59,538083.1018
1692403200000,1661.6,1696.72,1654.31,1669.67,231919.0485
1692489600000,1669.68,1694.75,1662.03,1685.24,195623.5263
1692576000000,1685.23,1688.59,1649.4,1667.55,250835.1518
1692662400000,1667.56,1669.38,1580,1634.99,402012.045
1692748800000,1635,1702.11,1629.05,1679.61,374761.1088
1692835200000,1679.61,1683.37,1635.28,1661.16,231539.7805
1692921600000,1661.16,1677.22,1635.51,1653.8,236261.6898
1693008000000,1653.79,1655.59,1644,1647.04,79175.425
1693094400000,1647.03,1660.24,1646.32,1658.33,87789.9196
1693180800000,1658.33,1664.34,1621.75,1653.08,214351.0143
1693267200000,1653.08,1745.84,1640,1729.42,494371.0823
1693353600000,1729.41,1730.93,1694.34,1705.23,202841.4402
1693440000000,1705.23,1729,1630,1645.76,330518.2668
1693526400000,1645.77,1654.53,1602.33,1629.12,302406.1686
1693612800000,1629.13,1645,1628.03,1637.03,102145.9476
1693699200000,1637.02,1647.5,1625.14,1635.84,116767.2862
1693785600000,1635.84,1644.82,1616.32,1630.51,168010.9056
1693872000000,1630.52,1648.02,1609.69,1634.45,204365.4907
1693958400000,1634.46,1670,1609.2,1633.15,219541.0193
1694044800000,1633.15,1660,1623.4,1648.11,228558.2782
1694131200000,1648.11,1658.93,1616.21,1636.44,221570.0458
1694217600000,1636.43,1637.52,1629.74,1635.54,58519.6229
1694304000000,1635.53,1635.7,1600,1617.42,207957.8428
1694390400000,1617.42,1619,1531.01,1551.85,417424.8189
1694476800000,1551.84,1626,1549.67,1592.97,329739.9685
1694563200000,1592.97,1619.3,1581.88,1607.62,223409.2889
1694649600000,1607.61,1644.29,1607.05,1626.47,275301.1505
1694736000000,1626.48,1654.08,1611.42,1641.29,181340.024
1694822400000,1641.3,1653.17,1631.31,1634.4,99555.4671
1694908800000,1634.4,1635,1612,1622.48,120227.4117
1694995200000,1622.48,1669.5,1603.88,1636.66,279041.6978
1695081600000,1636.66,1661.04,1626.32,1643.12,184282.4258
1695168000000,1643.13,1649.34,1604.51,1622.26,232844.2347
1695254400000,1622.27,1625.3,1567.77,1583.94,240627.544
1695340800000,1583.94,1602.68,1576.58,1593.08,124886.091
1695427200000,1593.07,1598.24,1587.45,1593.86,64537.1341
1695513600000,1593.85,1601.12,1570.01,1580.71,137517.8533
1695600000000,1580.71,1597.5,1563.01,1588.33,176706.9277
1695686400000,1588.34,1599.78,1580.05,1594.01,125583.0161
1695772800000,1594.02,1634.1,1583.5,1598.64,274404.4328
1695859200000,1598.63,1668.21,1598.14,1652.99,331409.7015
1695945600000,1653,1688,1648.37,1667.45,251975.6728
1696032000000,1667.45,1694.32,1666.19,1670.89,136924.9141
1696118400000,1670.89,1751,1668,1733.79,225611.5868
1696204800000,1733.8,1744,1636.79,1662.4,378575.6898
1696291200000,1662.41,1670.65,1643,1656.88,198287.1164
1696377600000,1656.88,1657.66,1625,1646.58,222861.7167
1696464000000,1646.58,1655.47,1606.73,1611.79,237378.7449
1696550400000,1611.79,1662,1611.68,1645.03,220507.9286
1696636800000,1645.03,1647.71,1630.03,1633.57,101241.5732
1696723200000,1633.56,1641.4,1616.17,1632.84,149424.6635
1696809600000,1632.85,1636,1546,1580.13,340141.0988
1696896000000,1580.13,1594.9,1550.55,1567.63,240659.3287
1696982400000,1567.62,1578.43,1544.26,1566.87,260253.9671
1697068800000,1566.86,1568.56,1521,1539.61,237221.4977
1697155200000,1539.61,1575.36,1537.76,1552.16,192205.8736
1697241600000,1552.16,1561.72,1544.55,1554.94,100314.6754
1697328000000,1554.94,1567.62,1547.44,1557.77,120311.2738
1697414400000,1557.78,1639.43,1555.06,1599.42,418510.8644
1697500800000,1599.41,1600.53,1551.08,1565.01,234817.0699
1697587200000,1565.01,1585.42,1555.88,1563.44,177750.2253
1697673600000,1563.45,1574.45,1541.61,1566.57,216217.6675
1697760000000,1566.57,1630.4,1561.19,1603.89,315995.792
1697846400000,1603.88,1644.53,1592.36,1628.94,176419.4092
1697932800000,1628.94,1667.8,1621.1,1663.7,228650.9225
1698019200000,1663.69,1800,1657.07,1765.46,610931.9663
1698105600000,1765.47,1854.38,1756.21,1784.98,674055.1375
1698192000000,1784.98,1817.69,1760,1787.15,354410.8294
1698278400000,1787.15,1865.54,1762.21,1803.38,431169.0453
1698364800000,1803.39,1803.91,1744.66,1779.4,274532.6921
1698451200000,1779.41,1803.23,1770,1776.2,122919.7382
1698537600000,1776.21,1811.3,1762.66,1795.14,144110.6508
1698624000000,1795.14,1829.84,1777.77,1809.04,277686.192
1698710400000,1809.03,1819.41,1780.99,1814.67,258074.5796
1698796800000,1814.67,1857.66,1783.19,1846.99,471921.6184
1698883200000,1846.99,1875,1785.01,1800.8,368738.2193
1698969600000,1800.79,1834.58,1777.11,1832.71,315000.2678
1699056000000,1832.7,1869.9,1824.03,1855.54,171538.0364
1699142400000,1855.54,1912.67,1846.11,1891.71,383106.7628
1699228800000,1891.71,1914.23,1868.48,1900.95,328746.2394
1699315200000,1900.95,1906.99,1850.32,1885.27,332419.4406
1699401600000,1885.26,1904.69,1872.51,1888.12,247881.0997
1699488000000,1888.11,2132,1882.07,2121.32,1100330.324
1699574400000,2121.33,2136.99,2064.61,2077.72,555573.6495
1699660800000,2077.72,2089.6,2030.3,2053.17,370966.0372
1699747200000,2053.16,2066.5,2012.1,2044.68,281907.559
1699833600000,2044.69,2118,2028.49,2053.65,529143.5815
1699920000000,2053.65,2064.96,1936.6,1979.39,481909.733
1700006400000,1979.4,2062.4,1967.01,2058.48,421870.8032
1700092800000,2058.49,2090.4,1939.1,1961.77,545286.1297
1700179200000,1961.77,1991.5,1904,1960.82,401100.5069
1700265600000,1960.82,1971.22,1916,1962.6,279368.2208
1700352000000,1962.59,2015.75,1942.89,2011.47,251132.6192
1700438400000,2011.47,2066.4,1990,2021.4,421717.679
1700524800000,2021.41,2034.6,1931.43,1933.01,490163.9863
1700611200000,1933.01,2092.46,1928.41,2063.21,466120.5109
1700697600000,2063.22,2088.94,2040.35,2062.2,250960.6958
1700784000000,2062.21,2133.02,2059.37,2080.84,426932.5402
1700870400000,2080.84,2090.54,2065.3,2083.09,138847.393
1700956800000,2083.1,2094.99,2036.42,2062.33,241262.9136
1701043200000,2062.34,2071.24,1985.78,2027.5,326073.2298
1701129600000,2027.5,2075,1995.15,2048.14,283775.9279
1701216000000,2048.14,2075.7,2019.31,2028.81,254843.7319
1701302400000,2028.8,2054.75,2020.85,2051.96,243680.0921
1701388800000,2051.95,2110.87,2045.04,2087.24,372645.586
1701475200000,2087.24,2186.6,2086.25,2164.74,320979.9768
1701561600000,2164.75,2217.27,2149,2192.95,257879.1136
1701648000000,2192.96,2274.28,2191,2243.37,565307.7134
1701734400000,2243.36,2309.72,2188.33,2293.33,529829.7214
1701820800000,2293.33,2312.23,2220,2232.7,408338.9056
1701907200000,2232.7,2382.8,2222,2355.73,485190.0609
1701993600000,2355.74,2392,2336.34,2358.72,378569.8126
1702080000000,2358.71,2403,2328.01,2340.49,287771.0664
1702166400000,2340.48,2377.47,2320,2352.39,200037.2102
1702252800000,2352.39,2355,2156.62,2225.12,640414.9166
1702339200000,2225.11,2244.12,2166,2203.46,361588.9087
1702425600000,2203.47,2284.02,2144.32,2260.16,418916.6154
1702512000000,2260.16,2332.11,2228.2,2315.32,409508.0931
1702598400000,2315.32,2317.81,2200,2220.5,333552.6328
1702684800000,2220.51,2263.4,2210,2228.96,199285.923
1702771200000,2228.96,2248.68,2191.5,2196.52,225925.7675
1702857600000,2196.53,2224,2116.6,2219.43,364103.1181
1702944000000,2219.44,2255,2135.55,2177.91,383551.4049
1703030400000,2177.9,2266,2156,2202.17,416841.6272
1703116800000,2202.17,2279.31,2182.98,2239.61,453069.7252
1703203200000,2239.6,2343.15,2230.59,2324.54,591357.488
1703289600000,2324.54,2330.65,2265,2308.2,255626.9352
1703376000000,2308.2,2326.19,2245,2264.05,307951.076
1703462400000,2264.04,2304.8,2253.1,2271.35,286277.1616
1703548800000,2271.36,2274.99,2178.45,2230.88,410413.1591
1703635200000,2230.88,2392.44,2211.88,2378.35,541537.3574
1703721600000,2378.35,2445.8,2335,2344.15,580459.982
1703808000000,2344.15,2385.41,2255.34,2299.2,450201.2069
1703894400000,2299.2,2322.84,2268,2291.68,210539.1327
1703980800000,2291.68,2321.34,2258.88,2281.87,222175.8779
1704067200000,2281.87,2352.37,2265.24,2352.04,216702.6914
1704153600000,2352.05,2431.3,2341,2355.34,458041.6642
1704240000000,2355.35,2385.45,2100,2209.72,798729.4869
1704326400000,2209.72,2294.69,2201.91,2267.11,448844.055
1704412800000,2267.11,2277.21,2206.17,2268.78,405568.0006
1704499200000,2268.78,2270,2216.4,2240.78,194067.8656
1704585600000,2240.77,2258.01,2203.46,2221.42,207138.6927
1704672000000,2221.42,2358.2,2166.38,2330.44,539407.5547
1704758400000,2330.43,2371.72,2226.78,2344.29,551454.9931
1704844800000,2344.3,2643.1,2339.59,2584.38,1038388.666
1704931200000,2584.37,2689.39,2566.01,2618.01,838712.2577
1705017600000,2618.01,2717.32,2458,2522.54,887457.7627
1705104000000,2522.55,2590,2497.5,2578.19,422061.232
1705190400000,2578.18,2578.69,2470,2472.87,306207.7463
1705276800000,2472.87,2553.82,2470.92,2511.78,315247.8819
1705363200000,2511.79,2614.43,2500.05,2587.4,381077.6247
1705449600000,2587.41,2592.97,2506.75,2530.19,366281.3477
1705536000000,2530.2,2550,2428.56,2470.81,452090.1074
1705622400000,2470.81,2504.2,2415.2,2492,424209.0029
1705708800000,2491.99,2492,2454.2,2472.01,136620.9577
1705795200000,2472.02,2482.18,2452.13,2457.05,122572.1687
1705881600000,2457.06,2466.1,2303.59,2314.2,526337.6492
1705968000000,2314.19,2352.23,2168.07,2242.6,700105.3314
1706054400000,2242.6,2264.6,2196.12,2235.02,359851.1496
1706140800000,2235.02,2242.89,2171.3,2218.64,330426.6061
1706227200000,2218.64,2282.36,2195.84,2267.68,363566.4255
1706313600000,2267.67,2282.94,2251.4,2267.94,145109.3836
1706400000000,2267.94,2308.24,2239.89,2256.9,209326.9087
1706486400000,2256.9,2322.34,2233.8,2317.6,305528.0776
1706572800000,2317.61,2391.98,2297,2343.01,372879.5791
1706659200000,2343,2351.6,2263.57,2283.14,397116.1859
1706745600000,2283.15,2311.72,2240,2304.28,310997.4538
1706832000000,2304.28,2324.74,2281.94,2309.06,238230.511
1706918400000,2309.07,2329.98,2292.75,2296.49,133232.845
1707004800000,2296.5,2311,2266,2289.79,171232.0444
1707091200000,2289.79,2338.41,2269.11,2301.83,236610.412
1707177600000,2301.84,2392.4,2299,2372.64,368942.7498
1707264000000,2372.63,2444.44,2354,2425.1,342791.7013
1707350400000,2425.09,2463.15,2411.01,2419.55,338040.0539
1707436800000,2419.56,2525,2419.16,2486.56,492384.385
1707523200000,2486.56,2516.45,2471.57,2500.24,185099.59
1707609600000,2500.24,2539.63,2493.45,2507.21,219975.1471
1707696000000,2507.22,2665.58,2472,2659.99,449501.776
1707782400000,2659.99,2686.12,2590,2639.99,502447.745
1707868800000,2639.99,2786,2618.4,2774.81,461670.6944
1707955200000,2774.8,2867.65,2759.25,2822.59,481689.1874
1708041600000,2822.58,2857.4,2740,2801.8,378070.8037
1708128000000,2801.81,2804.21,2719.01,2785.93,243302.8759
1708214400000,2785.92,2895,2764.25,2881.2,367987.8833
1708300800000,2881.2,2984.52,2856.93,2944.8,446451.0401
1708387200000,2944.8,3033.09,2874.56,3014.81,634681.7471
1708473600000,3014.81,3017.15,2868,2967.9,595955.0033
1708560000000,2967.91,3036.02,2906.51,2971.4,563525.9936
1708646400000,2971.4,2993.8,2906.05,2922.24,428826.5787
1708732800000,2922.25,3007.48,2906.4,2992.62,243854.0783
1708819200000,2992.62,3122,2983.61,3112.59,412306.2237
1708905600000,3112.6,3196,3036.59,3175.94,546722.7747
1708992000000,3175.95,3288.14,3160.02,3242.36,625939.1221
1709078400000,3242.35,3488,3176.16,3383.1,947538.766
1709164800000,3383.11,3522.81,3300,3340.09,759698.1123
1709251200000,3340.1,3450,3338.54,3433.43,412788.5773
1709337600000,3433.42,3460.04,3390.01,3421.4,283984.9448
1709424000000,3421.39,3491.8,3360,3487.81,341631.531
1709510400000,3487.8,3640.94,3423.78,3627.76,715360.6361
1709596800000,3627.75,3822.04,3200,3553.65,1392904.864
1709683200000,3553.66,3900,3499.4,3818.59,969494.71
1709769600000,3818.58,3933.81,3735,3868.76,540780.675
1709856000000,3868.76,3993.75,3820,3883.36,646399.2589
1709942400000,3883.37,3942,3870.01,3905.21,254839.1386
1710028800000,3905.2,3964.67,3791.26,3878.47,356664.68
1710115200000,3878.47,4086.23,3722.95,4064.8,721554.5139
1710201600000,4064.8,4093.92,3828.98,3979.96,632787.3941
1710288000000,3979.97,4083,3932.23,4004.79,482305.7766
1710374400000,4004.79,4010.98,3723,3881.7,648237.5245
1710460800000,3881.69,3934.02,3570,3742.19,947537.4071
1710547200000,3742.19,3781.12,3468.8,3523.09,548288.1569
1710633600000,3523.09,3678.68,3412,3644.71,517790.9936
1710720000000,3644.7,3645.02,3454.09,3520.46,570901.2851
1710806400000,3520.47,3548.09,3150.88,3158.64,1049629.694
1710892800000,3158.65,3535.24,3056.56,3516.53,1207322.82
1710979200000,3516.53,3587.32,3412,3492.85,602755.2072
1711065600000,3492.84,3542.52,3250,3336.35,558848.888
1711152000000,3336.35,3435.48,3270.08,3329.53,323675.9448
1711238400000,3329.53,3471.22,3298.76,3454.98,260824.1408
1711324800000,3454.99,3666,3420.12,3590.42,548577.6942
1711411200000,3590.43,3678.86,3542.62,3587.33,499013.8384
1711497600000,3587.32,3665.84,3460.02,3501.19,443195.3297
1711584000000,3501.2,3611.78,3465,3560.49,404654.0311
1711670400000,3560.49,3584.37,3445.91,3509.74,323086.179
1711756800000,3509.74,3565.81,3485,3505.64,216025.2634
1711843200000,3505.65,3655.32,3505.09,3645.29,243464.9877
1711929600000,3645.29,3645.95,3413.71,3503.8,408854.1225
1712016000000,3503.8,3505.6,3212,3278.96,623264.6476
1712102400000,3278.96,3367.4,3202.79,3310.83,410484.1933
1712188800000,3310.83,3443.93,3250.92,3327.4,356338.5716
1712275200000,3327.39,3350,3210,3317.85,344556.7983
1712361600000,3317.85,3398.42,3306.68,3351.59,183312.2125
1712448000000,3351.59,3459.94,3344.08,3454.2,210459.0752
1712534400000,3454.2,3730.71,3406.36,3694.61,496841.3532
1712620800000,3694.61,3727.34,3450.46,3506.39,457592.252
1712707200000,3506.4,3562.95,3411.82,3545.64,389404.9055
1712793600000,3545.64,3618.3,3474.52,3502.52,338139.5534
1712880000000,3502.52,3552.4,3100,3237.43,697327.1174
1712966400000,3237.42,3301.9,2852,3007.01,994971.2354
1713052800000,3007.01,3174.23,2906.73,3155.11,737580.4666
1713139200000,3155.11,3277.85,3023.19,3101.99,605430.8863
1713225600000,3102,3128.01,2986,3084.22,526113.855
1713312000000,3084.21,3123.75,2914.47,2985.41,491897.5661
1713398400000,2985.41,3094.4,2950.98,3064.4,389060.7133
1713484800000,3064.4,3128.89,2865.18,3056.46,607850.4019
1713571200000,3056.45,3171.88,3018.75,3155.79,242577.6371
1713657600000,3155.79,3197.18,3116.49,3147.67,219970.5072
1713744000000,3147.66,3235,3129.15,3200.2,290879.9569
1713830400000,3200.19,3263.61,3152,3219.46,253914.2263
1713916800000,3219.46,3293.56,3104.9,3140.8,393314.3414
1714003200000,3140.79,3191.64,3072.2,3155.8,352288.5502
1714089600000,3155.81,3167.7,3102,3131.3,252522.655
1714176000000,3131.3,3285,3066.74,3255.56,323811.1919
1714262400000,3255.55,3357.4,3250.45,3263.45,304766.009
1714348800000,3263.44,3286.95,3115.13,3216.73,421831.2912
1714435200000,3216.74,3250.95,2921,3014.05,561717.4866
1714521600000,3014.04,3023.24,2817,2972.46,624963.7773
1714608000000,2972.46,3016.72,2893.26,2986.19,365939.7191
1714694400000,2986.19,3126.99,2958.32,3102.61,355825.8391
1714780800000,3102.61,3168,3092.85,3117.23,196263.9488
1714867200000,3117.24,3171.93,3072.99,3136.41,218760.2662
1714953600000,3136.4,3221.4,3046.35,3062.6,355135.3027
1715040000000,3062.59,3129.85,2998,3005.69,298796.6829
1715126400000,3005.69,3038.15,2936.48,2974.21,266934.8125
1715212800000,2974.2,3059,2950.77,3036.23,238561.7462
1715299200000,3036.24,3053.89,2878.03,2909.99,327855.8758
1715385600000,2909.98,2945.67,2886.46,2912.45,138163.1087
1715472000000,2912.45,2955.2,2901.17,2929.29,107670.6323
1715558400000,2929.3,2996.4,2864.76,2950.99,368664.7648
1715644800000,2950.99,2960.6,2862,2881.93,269675.3037
1715731200000,2881.93,3041.36,2863.75,3032.55,350254.3188
1715817600000,3032.55,3041.24,2922.8,2944.7,293874.1513
1715904000000,2944.7,3120,2933.06,3092.01,357724.7731
1715990400000,3092,3146.98,3083.61,3122.94,199976.5456
1716076800000,3122.94,3136.64,3053.38,3071.19,166145.0102
1716163200000,3071.2,3694,3047.67,3661.78,847107.8828
1716249600000,3661.79,3841.54,3624.28,3789.6,952437.2694
1716336000000,3789.59,3813.69,3653.15,3737.73,574938.3099
1716422400000,3737.72,3949.29,3498,3783.61,1127866.076
1716508800000,3783.6,3829.61,3626.1,3728.28,479418.4318
1716595200000,3728.28,3779.43,3709.03,3749.26,158711.8992
1716681600000,3749.25,3884.2,3731.17,3826.47,292208.2937
1716768000000,3826.47,3977,3823.37,3894.22,363717.6473
1716854400000,3894.21,3931.09,3773.9,3844.69,416249.8344
1716940800000,3844.69,3888.55,3742.59,3767.43,334759.6348
1717027200000,3767.44,3825.35,3702.58,3747.91,277034.2894
1717113600000,3747.9,3849.94,3723.75,3762.29,273406.766
1717200000000,3762.29,3833.3,3752.67,3815.82,132687.2006
1717286400000,3815.82,3838.59,3752.62,3780.91,210295.4407
1717372800000,3780.92,3849.99,3758.43,3767.06,248848.702
1717459200000,3767.07,3831.65,3730,3810.23,232063.7468
1717545600000,3810.23,3887.47,3777.33,3865.99,273738.6035
1717632000000,3866,3878.6,3760,3813.46,237504.1905
1717718400000,3813.47,3841.39,3600,3678.32,362223.3594
1717804800000,3678.31,3709.5,3660.08,3681.57,140550.8394
1717891200000,3681.58,3721.52,3666.36,3706.4,103451.102
1717977600000,3706.4,3713.67,3642.74,3667.85,156363.1846
1718064000000,3667.85,3673,3432,3497.33,439568.5978
1718150400000,3497.33,3659.01,3462.07,3560.12,387043.774
1718236800000,3560.13,3561.65,3428,3469.4,300230.8299
1718323200000,3469.4,3532.61,3362.26,3481.8,322316.4214
1718409600000,3481.8,3594.39,3473.1,3568.74,246649.5894
1718496000000,3568.75,3653.79,3541.05,3624.41,149839.982
1718582400000,3624.41,3638.37,3463.39,3511.46,337805.6402
1718668800000,3511.47,3517.2,3355,3483.42,449913.3014
1718755200000,3483.42,3590.01,3465.65,3560.51,321500.0027
1718841600000,3560.51,3625.96,3486,3513.08,329117.8453
1718928000000,3513.08,3547.55,3446.82,3518.5,342155.102
1719014400000,3518.5,3521.19,3475.09,3495.75,115774.6157
1719100800000,3495.76,3521.45,3406.38,3420.91,133411.4304
1719187200000,3420.91,3435.76,3240,3352.73,543370.4229
1719273600000,3352.74,3430.88,3336.76,3394.91,240036.2236
1719360000000,3394.91,3426.75,3325.01,3371.44,206949.3418
1719446400000,3371.77,3477,3361.74,3450.44,201041.6609
1719532800000,3450.44,3487.7,3365.22,3380.15,221634.3435
1719619200000,3380.15,3408.32,3371.86,3378.8,88329.7651
1719705600000,3378.8,3460,3352.66,3438.16,141221.6185
1719792000000,3438.16,3524.94,3423.78,3442.2,224273.2122
1719878400000,3442.2,3464.12,3402,3421.35,137932.7014
1719964800000,3421.35,3432.1,3251,3295.48,310408.451
1720051200000,3295.49,3313.45,3050.34,3059.7,450402.5692
1720137600000,3059.7,3110,2810,2981.78,886994.3753
1720224000000,2981.79,3081.78,2955.06,3066.83,214487.9713
1720310400000,3066.83,3073.08,2922.24,2931,179892.7612
1720396800000,2930.99,3097.06,2822.8,3019.01,500445.0105
1720483200000,3019.01,3115.2,3004,3066.65,280358.1424
1720569600000,3066.65,3151.51,3024,3101.05,270827.0844
1720656000000,3101.06,3217.24,3054.76,3099.57,289229.32
1720742400000,3099.57,3157.89,3045.58,3133.88,185745.1825
1720828800000,3133.89,3201.8,3113.37,3175.93,119302.4769
1720915200000,3175.93,3268.72,3163.67,3245.08,165430.7716
1721001600000,3245.2,3493.63,3233.22,3483.39,314296.8452
1721088000000,3483.2,3498.59,3346.55,3444.13,376128.7869
1721174400000,3444.14,3517,3376,3387.05,297812.5162
1721260800000,3387.05,3489.98,3367.2,3426.5,241950.3457
1721347200000,3426.49,3540.27,3377,3503.53,299511.6422
1721433600000,3503.53,3539.65,3480,3517.5,147510.8165
1721520000000,3517.5,3547,3411.4,3535.92,218890.9656
1721606400000,3535.93,3562.82,3422.34,3439.6,207859.5043
1721692800000,3439.61,3541,3389,3482.51,500568.7811
1721779200000,3482.51,3487.82,3300,3335.81,275479.0506
1721865600000,3335.82,3342.5,3087.53,3175.48,494282.6398
1721952000000,3175.47,3286.36,3171,3274.61,260237.4641
1722038400000,3274.6,3327.59,3191.01,3249.01,231991.9037
1722124800000,3249,3284.3,3198.11,3270.16,103529.8329
1722211200000,3270.16,3396.77,3258,3317.66,318471.5055
1722297600000,3317.66,3366.4,3233.18,3279.21,197277.1641
1722384000000,3279.2,3350,3213.75,3232.74,233711.3352
1722470400000,3232.74,3242.57,3080.02,3203.4,323285.6105
1722556800000,3203.4,3218.6,2967,2989.61,385704.0395
1722643200000,2989.61,3018.02,2859,2903.64,344595.3157
1722729600000,2903.65,2935.46,2630,2688.92,512064.2612
1722816000000,2688.91,2697.44,2111,2419.59,2670604.1
1722902400000,2419.76,2556.23,2414.19,2461.33,642283.8038
1722988800000,2461.33,2551.32,2309.04,2342.8,630115.4228
1723075200000,2342.79,2724.1,2320.4,2682.5,586502.8754
1723161600000,2682.5,2707.98,2552.61,2598.78,406739.9611
1723248000000,2598.79,2644.7,2576.49,2609.92,171012.3619
1723334400000,2609.92,2720,2540,2555.38,297098.9145
1723420800000,2555.38,2750,2510.05,2722.3,483414.2506
1723507200000,2722.3,2738.4,2611.37,2702.44,325668.6964
1723593600000,2702.44,2780,2632.2,2661.45,338808.7141
1723680000000,2661.45,2675.6,2515.71,2569.89,356546.8059
1723766400000,2569.9,2630.97,2550.04,2592.73,270684.1373
1723852800000,2592.72,2629.69,2587.5,2614.51,89348.676
1723939200000,2614.51,2689.16,2594.53,2612.15,174074.0585
1724025600000,2612.15,2648.08,2563.58,2636.36,224867.1336
1724112000000,2636.36,2695,2555,2572.82,281315.8751
1724198400000,2572.81,2663.74,2536.22,2630.71,245286.6218
1724284800000,2630.71,2644.69,2584.2,2622.88,199063.1196
1724371200000,2622.89,2799.13,2621.4,2762.48,401786.4447
1724457600000,2762.49,2820,2731.26,2768,263542.9441
1724544000000,2768.01,2792.28,2733.21,2746.13,154527.2352
1724630400000,2746.12,2762,2666.66,2680.49,211708.1247
1724716800000,2680.49,2699.98,2392.96,2457.33,412660.7197
1724803200000,2457.33,2554.6,2418.8,2528.33,451266.634
1724889600000,2528.33,2595.4,2505.88,2527.61,237002.9632
1724976000000,2527.6,2552.17,2431.14,2526,338379.1941
1725062400000,2525.99,2533.95,2491.92,2513.01,97946.1147
1725148800000,2513,2516.28,2400,2425.72,223127.776
1725235200000,2425.71,2564.83,2423.52,2538.01,262632.8385
1725321600000,2538,2553.6,2411.12,2425.29,224793.1299
1725408000000,2425.28,2490,2306.65,2450.71,384179.3854
1725494400000,2450.71,2466,2348.04,2368.81,278549.0969
1725580800000,2368.81,2408.83,2150.55,2225.23,643027.111
1725667200000,2225.24,2311.27,2220.98,2273.58,219453.2076
1725753600000,2273.58,2333.58,2240.94,2297.3,192775.6493
1725840000000,2297.3,2381.41,2272.8,2359.5,321698.99
1725926400000,2359.51,2400,2320.41,2388.52,224382.1729
1726012800000,2388.52,2389.32,2277.68,2340.55,282898.3125
1726099200000,2340.54,2391.93,2315.39,2361.76,202611.1308
1726185600000,2361.75,2464.82,2337.35,2439.19,253888.616
1726272000000,2439.19,2440.6,2376.72,2417.79,122931.2302
1726358400000,2417.8,2430.32,2283.75,2316.1,174364.1946
1726444800000,2316.09,2335.7,2252.39,2295.68,330555.232
1726531200000,2295.67,2393.63,2263.29,2341.8,274206.2588
1726617600000,2341.79,2376.14,2277.34,2374.75,292917.6008
1726704000000,2374.74,2494.95,2372.6,2465.21,326746.032
1726790400000,2465.21,2571.93,2437.31,2561.4,340754.5912
1726876800000,2561.4,2623.34,2528.97,2612.4,154757.8773
1726963200000,2612.4,2632.57,2524.58,2581,214266.3257
1727049600000,2580.99,2702.82,2539.49,2646.97,333282.0149
1727136000000,2646.98,2670.96,2591.56,2653.2,288600.0402
1727222400000,2653.2,2673.5,2554.05,2579.95,220343.4293
1727308800000,2580.09,2666.22,2559.2,2632.26,278686.3573
1727395200000,2632.25,2728.6,2615.21,2694.43,281826.9792
1727481600000,2694.43,2704.35,2650,2675.21,137230.0342
1727568000000,2675.21,2683.7,2629.73,2657.62,160554.3146
1727654400000,2657.62,2663.5,2575,2602.23,282475.7961
1727740800000,2602.24,2659,2414,2447.79,502828.6804
1727827200000,2447.78,2499,2352,2364.1,317484.735
1727913600000,2364.09,2403.38,2310,2349.8,314635.9263
1728000000000,2349.8,2441.64,2339.15,2414.41,239383.017
1728086400000,2414.41,2428.23,2390.05,2414.66,103740.2316
1728172800000,2414.66,2457.8,2407,2440.03,105752.7096
1728259200000,2440.02,2521,2403,2422.71,300459.5407
1728345600000,2422.7,2466.66,2401.18,2440.89,201358.3312
1728432000000,2440.88,2473.61,2351.42,2370.47,242082.2725
1728518400000,2370.47,2421.36,2330.66,2386.49,257862.9619
1728604800000,2386.49,2471.45,2381.86,2439.5,235441.2197
1728691200000,2439.49,2490.51,2434.35,2476.4,139637.5062
1728777600000,2476.4,2484.92,2436.4,2468.91,120022.8179
1728864000000,2468.92,2654,2443.39,2629.79,435900.1619
1728950400000,2629.79,2688.6,2537.36,2607.41,416285.6663
1729036800000,2607.41,2647.79,2588.67,2611.1,260322.4242
1729123200000,2611.1,2648.37,2575.4,2605.8,221624.5434
1729209600000,2605.79,2675.58,2596.49,2642.17,292444.1153
1729296000000,2642.17,2663.49,2631.02,2648.2,105413.7646
1729382400000,2648.2,2759,2635.54,2746.91,256910.7448
1729468800000,2746.91,2769.48,2655.01,2666.7,310674.7232
1729555200000,2666.71,2671.92,2606.56,2622.81,265747.713
1729641600000,2622.81,2628.2,2450,2524.61,352647.7086
1729728000000,2524.6,2562.65,2507.31,2535.82,290851.7842
1729814400000,2535.82,2566.33,2382.59,2440.62,514799.8822
1729900800000,2440.63,2508,2430.12,2482.51,248724.8313
1729987200000,2482.51,2527.99,2464.13,2507.8,137580.8836
1730073600000,2507.8,2589.67,2471.67,2567.48,360605.327
1730160000000,2567.49,2681.86,2561.2,2638.8,451915.7025
1730246400000,2638.8,2722.3,2599.66,2659.19,460627.126
1730332800000,2659.19,2669,2503,2518.61,403427.2017
1730419200000,2518.61,2586.8,2467.67,2511.49,430249.1073
1730505600000,2511.49,2523.45,2470,2494.23,145961.13
1730592000000,2494.23,2496.39,2411,2457.73,276009.1197
1730678400000,2457.73,2491.39,2357.59,2398.21,306316.9645
1730764800000,2398.21,2480,2380.74,2422.55,331619.2545
1730851200000,2422.6,2744.7,2420.3,2721.87,1002141.362
1730937600000,2721.88,2916.11,2699.49,2895.47,730845.9524
1731024000000,2895.47,2981.69,2886.4,2961.75,568864.435
1731110400000,2961.75,3157.4,2953.71,3126.21,526719.4212
1731196800000,3126.2,3248.52,3069,3183.21,865536.7322
1731283200000,3183.2,3387.61,3105,3371.59,1000093.966
1731369600000,3371.59,3442.5,3207.67,3243.8,973215.7285
1731456000000,3243.79,3331,3116.69,3187.16,919686.3747
1731542400000,3187.16,3240.4,3028.56,3058.82,605780.6662
1731628800000,3058.81,3131.06,3014.5,3090.01,519623.6317
1731715200000,3090.01,3219.97,3072,3132.87,423639.1573
1731801600000,3132.88,3162.11,3034.99,3076,449818.9575
1731888000000,3075.99,3224.94,3050.01,3207.8,640658.4357
1731974400000,3207.81,3221.2,3065.4,3107.44,500112.0194
1732060800000,3107.45,3159.2,3029.41,3069.97,503607.8336
1732147200000,3069.97,3386.73,3032.59,3355.81,974923.3035
1732233600000,3355.88,3425.92,3257.54,3327.78,603273.7093
1732320000000,3327.78,3497.51,3312.72,3393.91,721024.0009
1732406400000,3393.91,3450,3281.4,3361.2,479098.0921
1732492800000,3361.21,3546.66,3300.01,3414.49,949330.37
1732579200000,3414.49,3462.49,3252,3324.73,672367.1503
1732665600000,3324.74,3684.92,3302.4,3653.28,754573.6485
1732752000000,3653.27,3661.92,3529.76,3578.79,560976.425
1732838400000,3578.8,3647.98,3534.28,3592.21,425493.2449
1732924800000,3592.22,3738.98,3568.4,3703.6,503684.7485
1733011200000,3703.59,3746.8,3659.2,3707.61,429089.2633
1733097600000,3707.61,3760,3554.32,3643.42,737130.569
1733184000000,3643.43,3670,3500,3614.51,678400.2032
1733270400000,3614.51,3887.24,3614.51,3837.8,968744.0399
1733356800000,3837.8,3956,3677,3785.2,946493.276
1733443200000,3785.21,4087.73,3777.26,3998.87,803855.1146
1733529600000,3998.87,4024.46,3968,3988.48,126270.712